timestamp,imu_id,accel_x,accel_y,accel_z,roll,pitch,yaw
0.0,0,-0.059,0.875,-0.524,121.28254896956933,2.8623446054648993,-156.19844223158623
0.0,1,0.22,0.971,0.145,-140.49258868879454,-73.1979590830255,131.56593392651658
0.0,2,-0.22,0.971,0.145,-140.49258868879454,73.1979590830255,-131.56593392651658
0.0,3,-0.052,0.965,0.27,73.28418082362124,3.1405212877050976,30.63849223624246
0.0,4,-0.052,0.965,0.27,73.28418082362124,3.1405212877050976,30.63849223624246
0.0,5,-0.052,0.965,0.27,73.28418082362124,3.1405212877050976,30.63849223624246
0.039,0,-0.054,0.876,-0.521,121.17407533782111,2.9576901679060943,-156.27475031560593
0.039,1,0.22,0.966,0.13,-140.49258868879454,-73.1979590830255,131.56593392651658
0.039,2,-0.22,0.966,0.13,-140.49258868879454,73.1979590830255,-131.56593392651658
0.039,3,-0.05,0.964,0.276,73.3827035692539,3.1225703462616123,30.74387439507153
0.039,4,-0.05,0.964,0.276,73.3827035692539,3.1225703462616123,30.74387439507153
0.039,5,-0.05,0.964,0.276,73.3827035692539,3.1225703462616123,30.74387439507153
0.077,0,-0.054,0.87,-0.518,121.1696158308249,3.0094508407398446,-156.26042832004492
0.077,1,0.224,0.966,0.147,-140.34040130113692,-73.16799452237021,131.2030835477942
0.077,2,-0.224,0.966,0.147,-140.34040130113692,73.16799452237021,-131.2030835477942
0.077,3,-0.052,0.96,0.267,73.3827035692539,3.1225703462616123,30.74387439507153
0.077,4,-0.052,0.96,0.267,73.3827035692539,3.1225703462616123,30.74387439507153
0.077,5,-0.052,0.96,0.267,73.3827035692539,3.1225703462616123,30.74387439507153
0.115,0,-0.05,0.874,-0.519,121.07430491348708,2.949187912426292,-156.1798909292344
0.115,1,0.221,0.959,0.145,-140.13030773067808,-73.25057063875175,130.9044903317417
0.115,2,-0.221,0.959,0.145,-140.13030773067808,73.25057063875175,-130.9044903317417
0.115,3,-0.053,0.966,0.278,73.37750014569005,3.0939682231457004,30.64791088974572
0.115,4,-0.053,0.966,0.278,73.37750014569005,3.0939682231457004,30.64791088974572
0.115,5,-0.053,0.966,0.278,73.37750014569005,3.0939682231457004,30.64791088974572
0.153,0,-0.052,0.875,-0.52,121.06985357197559,3.0007995221540673,-156.26565838620346
0.153,1,0.216,0.963,0.137,-140.13030773067808,-73.25057063875175,130.9044903317417
0.153,2,-0.216,0.963,0.137,-140.13030773067808,73.25057063875175,-130.9044903317417
0.153,3,-0.05,0.967,0.273,73.37234484291352,3.0653574381000723,30.651952563841302
0.153,4,-0.05,0.967,0.273,73.37234484291352,3.0653574381000723,30.651952563841302
0.153,5,-0.05,0.967,0.273,73.37234484291352,3.0653574381000723,30.651952563841302
0.19,0,-0.059,0.876,-0.524,121.16507860362381,3.061204795839946,-156.24611446277612
0.19,1,0.219,0.971,0.143,-140.38632374574848,-73.31450354869116,131.17180433020638
0.19,2,-0.219,0.971,0.143,-140.38632374574848,73.31450354869116,-131.17180433020638
0.19,3,-0.048,0.962,0.275,73.36217863185027,3.008110205083236,30.56005126338192
0.19,4,-0.048,0.962,0.275,73.36217863185027,3.008110205083236,30.56005126338192
0.19,5,-0.048,0.962,0.275,73.36217863185027,3.008110205083236,30.56005126338192
0.229,0,-0.059,0.877,-0.53,121.16046364782166,3.1129519168076816,-156.2318088837286
0.229,1,0.218,0.978,0.135,-140.38632374574848,-73.31450354869116,131.17180433020638
0.229,2,-0.218,0.978,0.135,-140.38632374574848,73.31450354869116,-131.17180433020638
0.229,3,-0.05,0.965,0.272,73.36217863185027,3.008110205083236,30.56005126338192
0.229,4,-0.05,0.965,0.272,73.36217863185027,3.008110205083236,30.56005126338192
0.229,5,-0.05,0.965,0.272,73.36217863185027,3.008110205083236,30.56005126338192
0.268,0,-0.057,0.878,-0.534,121.26021083495795,3.1218919297689345,-156.22638438738045
0.268,1,0.223,0.986,0.131,-140.59268088809222,-73.36136144355976,131.48909429997698
0.268,2,-0.223,0.986,0.131,-140.59268088809222,73.36136144355976,-131.48909429997698
0.268,3,-0.05,0.97,0.274,73.35716773942534,2.979473918561255,30.56410819525103
0.268,4,-0.05,0.97,0.274,73.35716773942534,2.979473918561255,30.56410819525103
0.268,5,-0.05,0.97,0.274,73.35716773942534,2.979473918561255,30.56410819525103
0.305,0,-0.052,0.882,-0.536,121.46435028899364,3.087550248193701,-156.23006380751292
0.305,1,0.215,0.991,0.128,-140.48937948317302,-73.32793971372416,131.58507902962563
0.305,2,-0.215,0.991,0.128,-140.48937948317302,73.32793971372416,-131.58507902962563
0.305,3,-0.056,0.967,0.269,73.36217863185027,3.008110205083236,30.56005126338192
0.305,4,-0.056,0.967,0.269,73.36217863185027,3.008110205083236,30.56005126338192
0.305,5,-0.056,0.967,0.269,73.36217863185027,3.008110205083236,30.56005126338192
0.343,0,-0.049,0.87,-0.534,121.47339579657795,2.9831431156231574,-156.2592393951252
0.343,1,0.219,0.98,0.127,-140.4377310428657,-73.31124746208691,131.633080038957
0.343,2,-0.219,0.98,0.127,-140.4377310428657,73.31124746208691,-131.633080038957
0.343,3,-0.051,0.963,0.277,73.36723766897649,3.036738071838868,30.555999370641494
0.343,4,-0.051,0.963,0.277,73.36723766897649,3.036738071838868,30.555999370641494
0.343,5,-0.051,0.963,0.277,73.36723766897649,3.036738071838868,30.555999370641494
0.381,0,-0.045,0.875,-0.535,121.58192077575875,2.8868789111344904,-156.1834285830844
0.381,1,0.217,0.975,0.132,-140.48937948317302,-73.32793971372416,131.58507902962563
0.381,2,-0.217,0.975,0.132,-140.48937948317302,73.32793971372416,-131.58507902962563
0.381,3,-0.047,0.965,0.268,73.46583829402809,3.01927253015704,30.5612078577928
0.381,4,-0.047,0.965,0.268,73.46583829402809,3.01927253015704,30.5612078577928
0.381,5,-0.047,0.965,0.268,73.46583829402809,3.01927253015704,30.5612078577928
0.418,0,-0.04,0.868,-0.539,121.69016441926833,2.7899869149087615,-156.20799782504906
0.418,1,0.217,0.978,0.122,-140.38608409164289,-73.29456763691144,131.68108679406012
0.418,2,-0.217,0.978,0.122,-140.38608409164289,73.29456763691144,-131.68108679406012
0.418,3,-0.053,0.965,0.268,73.57459028650908,3.0583684899761745,30.55848744276249
0.418,4,-0.053,0.965,0.268,73.57459028650908,3.0583684899761745,30.55848744276249
0.418,5,-0.053,0.965,0.268,73.57459028650908,3.0583684899761745,30.55848744276249
0.458,0,-0.04,0.865,-0.538,121.8979498198469,2.700020057474708,-156.22825211139005
0.458,1,0.214,0.973,0.129,-140.12525636329096,-73.36090318178073,131.4312237983222
0.458,2,-0.214,0.973,0.129,-140.12525636329096,73.36090318178073,-131.4312237983222
0.458,3,-0.051,0.967,0.271,73.58493525835215,3.1149045980092334,30.55060899235313
0.458,4,-0.051,0.967,0.271,73.58493525835215,3.1149045980092334,30.55060899235313
0.458,5,-0.051,0.967,0.271,73.58493525835215,3.1149045980092334,30.55060899235313
0.496,0,-0.042,0.864,-0.538,121.8979498198469,2.700020057474708,-156.22825211139005
0.496,1,0.217,0.979,0.132,-140.12525636329096,-73.36090318178073,131.4312237983222
0.496,2,-0.217,0.979,0.132,-140.12525636329096,73.36090318178073,-131.4312237983222
0.496,3,-0.051,0.967,0.269,73.58493525835215,3.1149045980092334,30.450608992353125
0.496,4,-0.051,0.967,0.269,73.58493525835215,3.1149045980092334,30.450608992353125
0.496,5,-0.051,0.967,0.269,73.58493525835215,3.1149045980092334,30.450608992353125
0.534,0,-0.048,0.868,-0.542,121.99372606263682,2.760548650911157,-156.20844843549477
0.534,1,0.219,0.982,0.114,-139.76798842792533,-73.26328813554335,131.26205239785065
0.534,2,-0.219,0.982,0.114,-139.76798842792533,73.26328813554335,-131.26205239785065
0.534,3,-0.051,0.969,0.272,73.58493525835215,3.1149045980092334,30.450608992353125
0.534,4,-0.051,0.969,0.272,73.58493525835215,3.1149045980092334,30.450608992353125
0.534,5,-0.051,0.969,0.272,73.58493525835215,3.1149045980092334,30.450608992353125
0.572,0,-0.051,0.864,-0.548,122.18922587291564,2.8291798807492583,-156.08353525826115
0.572,1,0.222,0.98,0.13,-139.76798842792533,-73.26328813554335,131.26205239785065
0.572,2,-0.222,0.98,0.13,-139.76798842792533,73.26328813554335,-131.26205239785065
0.572,3,-0.05,0.969,0.271,73.58493525835215,3.1149045980092334,30.350608992353123
0.572,4,-0.05,0.969,0.271,73.58493525835215,3.1149045980092334,30.350608992353123
0.572,5,-0.05,0.969,0.271,73.58493525835215,3.1149045980092334,30.350608992353123
0.61,0,-0.053,0.871,-0.548,122.18070318177456,2.93571079872066,-156.0530162541919
0.61,1,0.222,0.982,0.109,-139.41453972031985,-73.16511428638931,131.09670372216672
0.61,2,-0.222,0.982,0.109,-139.41453972031985,73.16511428638931,-131.09670372216672
0.61,3,-0.054,0.966,0.274,73.59017913603377,3.1431595828749495,30.446677479712054
0.61,4,-0.054,0.966,0.274,73.59017913603377,3.1431595828749495,30.446677479712054
0.61,5,-0.054,0.966,0.274,73.59017913603377,3.1431595828749495,30.446677479712054
0.648,0,-0.056,0.875,-0.55,122.17186413788811,3.0422160699533856,-156.12252956957238
0.648,1,0.223,0.979,0.12,-139.11470284513615,-73.08313459361361,130.88529715486388
0.648,2,-0.223,0.979,0.12,-139.11470284513615,73.08313459361361,-130.88529715486388
0.648,3,-0.055,0.967,0.269,73.60080963298091,3.199643014763264,30.538830107232403
0.648,4,-0.055,0.967,0.269,73.60080963298091,3.199643014763264,30.538830107232403
0.648,5,-0.055,0.967,0.269,73.60080963298091,3.199643014763264,30.538830107232403
0.686,0,-0.061,0.872,-0.547,122.16270866562542,3.1486947571236277,-155.9920763773838
0.686,1,0.223,0.977,0.108,-138.8671046642944,-73.017516547157,130.62645526703224
0.686,2,-0.223,0.977,0.108,-138.8671046642944,73.017516547157,-130.62645526703224
0.686,3,-0.052,0.969,0.273,73.6061962352254,3.227871301992459,30.53491433831755
0.686,4,-0.052,0.969,0.273,73.6061962352254,3.227871301992459,30.53491433831755
0.686,5,-0.052,0.969,0.273,73.6061962352254,3.227871301992459,30.53491433831755
0.724,0,-0.061,0.874,-0.537,122.05348214649729,3.2461443922046773,-155.96731433619834
0.724,1,0.229,0.961,0.115,-138.31211686524713,-72.99937479063077,130.1713110230873
0.724,2,-0.229,0.961,0.115,-138.31211686524713,72.99937479063077,-130.1713110230873
0.724,3,-0.051,0.969,0.263,73.70456777678929,3.2090685780303634,30.640437248686514
0.724,4,-0.051,0.969,0.263,73.70456777678929,3.2090685780303634,30.640437248686514
0.724,5,-0.051,0.969,0.263,73.70456777678929,3.2090685780303634,30.640437248686514
0.763,0,-0.058,0.862,-0.534,122.0437100443452,3.3522721411284353,-156.03711540520382
0.763,1,0.225,0.954,0.139,-137.97034207934522,-72.91655692615876,129.50822775797803
0.763,2,-0.225,0.954,0.139,-137.97034207934522,72.91655692615876,-129.50822775797803
0.763,3,-0.055,0.963,0.272,73.61163039516589,3.25609053022916,30.731003908152854
0.763,4,-0.055,0.963,0.272,73.61163039516589,3.25609053022916,30.731003908152854
0.763,5,-0.055,0.963,0.272,73.61163039516589,3.25609053022916,30.731003908152854
0.801,0,-0.062,0.863,-0.534,121.93897776886382,3.3958708055090354,-155.92794521119188
0.801,1,0.224,0.945,0.128,-137.82394206006902,-72.88352119364377,129.15137667289247
0.801,2,-0.224,0.945,0.128,-137.82394206006902,72.88352119364377,-129.15137667289247
0.801,3,-0.049,0.964,0.271,73.5078210532611,3.246664530701297,30.829358999184482
0.801,4,-0.049,0.964,0.271,73.5078210532611,3.246664530701297,30.829358999184482
0.801,5,-0.049,0.964,0.271,73.5078210532611,3.246664530701297,30.829358999184482
0.838,0,-0.066,0.87,-0.535,121.92874885164434,3.5016588846859706,-155.8979849746567
0.838,1,0.231,0.95,0.134,-137.87110020152988,-72.90057619438625,129.09889471545617
0.838,2,-0.231,0.95,0.134,-137.87110020152988,72.90057619438625,-129.09889471545617
0.838,3,-0.054,0.966,0.271,73.50240576879034,3.218271546754867,31.033321694194093
0.838,4,-0.054,0.966,0.271,73.50240576879034,3.218271546754867,31.033321694194093
0.838,5,-0.054,0.966,0.271,73.50240576879034,3.218271546754867,31.033321694194093
0.876,0,-0.061,0.873,-0.539,121.83418573494157,3.4391563361674407,-155.71895059542118
0.876,1,0.228,0.959,0.119,-137.5595110436246,-72.94648729327392,128.89861492471638
0.876,2,-0.228,0.959,0.119,-137.5595110436246,72.94648729327392,-128.89861492471638
0.876,3,-0.062,0.963,0.27,73.5078210532611,3.246664530701297,31.02935899918449
0.876,4,-0.062,0.963,0.27,73.5078210532611,3.246664530701297,31.02935899918449
0.876,5,-0.062,0.963,0.27,73.5078210532611,3.246664530701297,31.02935899918449
0.915,0,-0.065,0.876,-0.537,121.83418573494157,3.4391563361674407,-155.71895059542118
0.915,1,0.225,0.953,0.14,-137.65291280276915,-72.98046694587582,128.79273468950578
0.915,2,-0.225,0.953,0.14,-137.65291280276915,72.98046694587582,-128.79273468950578
0.915,3,-0.058,0.962,0.272,73.51328415221234,3.275048412029296,31.2254017027698
0.915,4,-0.058,0.962,0.272,73.51328415221234,3.275048412029296,31.2254017027698
0.915,5,-0.058,0.962,0.272,73.51328415221234,3.275048412029296,31.2254017027698
0.953,0,-0.066,0.878,-0.536,121.72933452748809,3.4821281879716084,-155.7101307787711
0.953,1,0.225,0.96,0.125,-137.6996010765433,-72.99747572211577,128.73978860276233
0.953,2,-0.225,0.96,0.125,-137.6996010765433,72.99747572211577,-128.73978860276233
0.953,3,-0.055,0.966,0.268,73.40944221137518,3.2654482084013123,31.323771244716735
0.953,4,-0.055,0.966,0.268,73.40944221137518,3.2654482084013123,31.323771244716735
0.953,5,-0.055,0.966,0.268,73.40944221137518,3.2654482084013123,31.323771244716735
0.992,0,-0.067,0.874,-0.534,121.72933452748809,3.482128187971608,-155.6101307787711
0.992,1,0.233,0.962,0.131,-137.6996010765433,-72.99747572211577,128.73978860276233
0.992,2,-0.233,0.962,0.131,-137.6996010765433,72.99747572211577,-128.73978860276233
0.992,3,-0.054,0.961,0.281,73.29478732326737,3.198028603795231,31.230339595897036
0.992,4,-0.054,0.961,0.281,73.29478732326737,3.198028603795231,31.230339595897036
0.992,5,-0.054,0.961,0.281,73.29478732326737,3.198028603795231,31.230339595897036
1.03,0,-0.06,0.868,-0.533,121.73447071382775,3.429533647648263,-155.62492399945515
1.03,1,0.223,0.959,0.132,-137.98957714115696,-73.08158145717043,128.94118617261918
1.03,2,-0.223,0.959,0.132,-137.98957714115696,73.08158145717043,-128.94118617261918
1.03,3,-0.053,0.965,0.274,73.28418082362124,3.1405212877050976,31.338492236242462
1.03,4,-0.053,0.965,0.274,73.28418082362124,3.1405212877050976,31.338492236242462
1.03,5,-0.053,0.965,0.274,73.28418082362124,3.1405212877050976,31.338492236242462
1.068,0,-0.06,0.876,-0.535,121.74450718431649,3.3243219868574325,-155.45453842134214
1.068,1,0.229,0.975,0.133,-138.2348362817314,-73.14834901616395,129.19749483666712
1.068,2,-0.229,0.975,0.133,-138.2348362817314,73.14834901616395,-129.19749483666712
1.068,3,-0.055,0.962,0.274,73.27895012201164,3.1117544131929242,31.442576505747187
1.068,4,-0.055,0.962,0.274,73.27895012201164,3.1117544131929242,31.442576505747187
1.068,5,-0.055,0.962,0.274,73.27895012201164,3.1117544131929242,31.442576505747187
1.106,0,-0.055,0.88,-0.534,121.65921658289865,3.1575572770078884,-155.4045303103586
1.106,1,0.235,0.987,0.119,-138.48207228945674,-73.21479600759565,129.4557784652731
1.106,2,-0.235,0.987,0.119,-138.48207228945674,73.21479600759565,-129.4557784652731
1.106,3,-0.058,0.965,0.275,73.27895012201164,3.1117544131929242,31.442576505747187
1.106,4,-0.058,0.965,0.275,73.27895012201164,3.1117544131929242,31.442576505747187
1.106,5,-0.058,0.965,0.275,73.27895012201164,3.1117544131929242,31.442576505747187
1.143,0,-0.054,0.877,-0.53,121.56868072568324,3.0439647802997394,-155.43935702867526
1.143,1,0.231,0.993,0.132,-138.48207228945674,-73.21479600759565,129.4557784652731
1.143,2,-0.231,0.993,0.132,-138.48207228945674,73.21479600759565,-129.4557784652731
1.143,3,-0.054,0.968,0.279,73.27376779668579,3.0829788358291443,31.446666011901623
1.143,4,-0.054,0.968,0.279,73.27376779668579,3.0829788358291443,31.446666011901623
1.143,5,-0.054,0.968,0.279,73.27376779668579,3.0829788358291443,31.446666011901623
1.183,0,-0.053,0.878,-0.527,121.47339579657795,2.983143115623157,-155.45923939512522
1.183,1,0.227,0.984,0.133,-138.48207228945674,-73.21479600759565,129.4557784652731
1.183,2,-0.227,0.984,0.133,-138.48207228945674,73.21479600759565,-129.4557784652731
1.183,3,-0.051,0.966,0.276,73.26354830682547,3.025401896967533,31.554860545154124
1.183,4,-0.051,0.966,0.276,73.26354830682547,3.025401896967533,31.554860545154124
1.183,5,-0.051,0.966,0.276,73.26354830682547,3.025401896967533,31.554860545154124
1.22,0,-0.047,0.871,-0.526,121.48212874282017,2.8787095187329257,-155.3884474275475
1.22,1,0.223,0.97,0.145,-138.5300727280723,-73.231645424824,129.4041441633096
1.22,2,-0.223,0.97,0.145,-138.5300727280723,73.231645424824,-129.4041441633096
1.22,3,-0.052,0.963,0.273,73.25851115805987,2.99660069769706,31.55896547762994
1.22,4,-0.052,0.963,0.273,73.25851115805987,2.99660069769706,31.55896547762994
1.22,5,-0.052,0.963,0.273,73.25851115805987,2.99660069769706,31.55896547762994
1.258,0,-0.042,0.87,-0.526,121.39482934564667,2.714279282336635,-155.43705123385297
1.258,1,0.224,0.965,0.139,-138.5780673764208,-73.24850732138023,129.35250839101803
1.258,2,-0.224,0.965,0.139,-138.5780673764208,73.24850732138023,-129.35250839101803
1.258,3,-0.05,0.963,0.279,73.25352241711603,2.967791120029539,31.663075457511926
1.258,4,-0.05,0.963,0.279,73.25352241711603,2.967791120029539,31.663075457511926
1.258,5,-0.05,0.963,0.279,73.25352241711603,2.967791120029539,31.663075457511926
1.298,0,-0.041,0.871,-0.528,121.40661892774708,2.5579728955088274,-155.3807167880275
1.298,1,0.224,0.967,0.145,-138.67403925038352,-73.28226849911606,129.24923237790316
1.298,2,-0.224,0.967,0.145,-138.67403925038352,73.28226849911606,-129.24923237790316
1.298,3,-0.049,0.964,0.279,73.14987079296927,2.9557613732174883,31.66211484130777
1.298,4,-0.049,0.964,0.279,73.14987079296927,2.9557613732174883,31.66211484130777
1.298,5,-0.049,0.964,0.279,73.14987079296927,2.9557613732174883,31.66211484130777
1.336,0,-0.042,0.884,-0.53,121.31424273100085,2.4467435087550236,-155.41413070908334
1.336,1,0.223,0.965,0.134,-138.67403925038352,-73.28226849911606,129.24923237790316
1.336,2,-0.223,0.965,0.134,-138.67403925038352,73.28226849911606,-129.24923237790316
1.336,3,-0.053,0.964,0.285,73.15483680631655,2.9847441587443666,31.757951471159075
1.336,4,-0.053,0.964,0.285,73.15483680631655,2.9847441587443666,31.757951471159075
1.336,5,-0.053,0.964,0.285,73.15483680631655,2.9847441587443666,31.757951471159075
1.374,0,-0.042,0.89,-0.533,121.32138823248889,2.3427864772795775,-155.3431219322059
1.374,1,0.234,0.971,0.144,-138.42501111322758,-73.21607109133046,128.98916910083614
1.374,2,-0.234,0.971,0.144,-138.42501111322758,73.21607109133046,-128.98916910083614
1.374,3,-0.056,0.962,0.27,73.15985148991399,3.0137186081941083,31.653793155827277
1.374,4,-0.056,0.962,0.27,73.15985148991399,3.0137186081941083,31.653793155827277
1.374,5,-0.056,0.962,0.27,73.15985148991399,3.0137186081941083,31.653793155827277
1.412,0,-0.036,0.883,-0.526,121.22835218527162,2.232400503685838,-155.27603436896575
1.412,1,0.233,0.976,0.132,-138.3774774803141,-73.19912182338409,129.04125408279177
1.412,2,-0.233,0.976,0.132,-138.3774774803141,73.19912182338409,-129.04125408279177
1.412,3,-0.053,0.965,0.277,73.26354830682547,3.0254018969675327,31.754860545154123
1.412,4,-0.053,0.965,0.277,73.26354830682547,3.0254018969675327,31.754860545154123
1.412,5,-0.053,0.965,0.277,73.26354830682547,3.0254018969675327,31.754860545154123
1.45,0,-0.035,0.881,-0.522,121.23486381399505,2.128700665749477,-155.20489479764228
1.45,1,0.225,0.974,0.135,-138.3774774803141,-73.19912182338409,129.04125408279177
1.45,2,-0.225,0.974,0.135,-138.3774774803141,73.19912182338409,-129.04125408279177
1.45,3,-0.05,0.966,0.277,73.15985148991399,3.0137186081941088,31.75379315582727
1.45,4,-0.05,0.966,0.277,73.15985148991399,3.0137186081941088,31.75379315582727
1.45,5,-0.05,0.966,0.277,73.15985148991399,3.0137186081941088,31.75379315582727
1.489,0,-0.036,0.876,-0.527,121.33789119424982,2.0828047392808546,-155.21570860138112
1.489,1,0.222,0.969,0.135,-138.3774774803141,-73.19912182338409,129.04125408279177
1.489,2,-0.222,0.969,0.135,-138.3774774803141,73.19912182338409,-129.04125408279177
1.489,3,-0.047,0.964,0.275,73.25352241711603,2.967791120029539,31.663075457511926
1.489,4,-0.047,0.964,0.275,73.25352241711603,2.967791120029539,31.663075457511926
1.489,5,-0.047,0.964,0.275,73.25352241711603,2.967791120029539,31.663075457511926
1.527,0,-0.04,0.863,-0.528,121.44085278770092,2.0366000481795536,-155.12669845435255
1.527,1,0.223,0.966,0.139,-138.10778867994816,-73.26193479211368,128.78303416155228
1.527,2,-0.223,0.966,0.139,-138.10778867994816,73.26193479211368,-128.78303416155228
1.527,3,-0.051,0.965,0.276,73.25352241711603,2.967791120029539,31.763075457511924
1.527,4,-0.051,0.965,0.276,73.25352241711603,2.967791120029539,31.763075457511924
1.527,5,-0.051,0.965,0.276,73.25352241711603,2.967791120029539,31.763075457511924
1.565,0,-0.043,0.869,-0.528,121.54074773662208,2.0423998748517675,-155.02314334477896
1.565,1,0.223,0.969,0.143,-138.3563182718722,-73.3285464899699,129.04251408693176
1.565,2,-0.223,0.969,0.143,-138.3563182718722,73.3285464899699,-129.04251408693176
1.565,3,-0.048,0.968,0.274,73.2485820916778,2.9389732450952653,31.667190437371474
1.565,4,-0.048,0.968,0.274,73.2485820916778,2.9389732450952653,31.667190437371474
1.565,5,-0.048,0.968,0.274,73.2485820916778,2.9389732450952653,31.667190437371474
1.603,0,-0.041,0.871,-0.536,121.74355067917476,2.0013713053419404,-155.0309069516738
1.603,1,0.226,0.967,0.144,-138.13164490416685,-73.4081052233969,128.7295914789029
1.603,2,-0.226,0.967,0.144,-138.13164490416685,73.4081052233969,-128.7295914789029
1.603,3,-0.049,0.962,0.277,73.24369018934911,2.9101471540310455,31.671310369733906
1.603,4,-0.049,0.962,0.277,73.24369018934911,2.9101471540310455,31.671310369733906
1.603,5,-0.049,0.962,0.277,73.24369018934911,2.9101471540310455,31.671310369733906
1.641,0,-0.036,0.871,-0.542,121.84345301456979,2.0070042710452274,-155.0274131120874
1.641,1,0.232,0.979,0.143,-138.13164490416685,-73.4081052233969,128.7295914789029
1.641,2,-0.232,0.979,0.143,-138.13164490416685,73.4081052233969,-128.7295914789029
1.641,3,-0.053,0.963,0.278,73.14495345742935,2.926770333137174,31.566283218271984
1.641,4,-0.053,0.963,0.278,73.14495345742935,2.926770333137174,31.566283218271984
1.641,5,-0.053,0.963,0.278,73.14495345742935,2.926770333137174,31.566283218271984
1.68,0,-0.034,0.88,-0.544,121.84345301456979,2.0070042710452274,-155.0274131120874
1.68,1,0.233,0.98,0.137,-138.13164490416685,-73.4081052233969,128.7295914789029
1.68,2,-0.233,0.98,0.137,-138.13164490416685,73.4081052233969,-128.7295914789029
1.68,3,-0.049,0.964,0.283,73.14495345742935,2.926770333137174,31.566283218271984
1.68,4,-0.049,0.964,0.283,73.14495345742935,2.926770333137174,31.566283218271984
1.68,5,-0.049,0.964,0.283,73.14495345742935,2.926770333137174,31.566283218271984
1.718,0,-0.036,0.876,-0.545,121.94335603796675,2.012631139949498,-155.02390943792886
1.718,1,0.229,0.98,0.138,-137.83613204053484,-73.32439510566581,128.52284455687308
1.718,2,-0.229,0.98,0.138,-137.83613204053484,73.32439510566581,-128.52284455687308
1.718,3,-0.049,0.968,0.276,73.14008480717466,2.897771120033368,31.570456554004284
1.718,4,-0.049,0.968,0.276,73.14008480717466,2.897771120033368,31.570456554004284
1.718,5,-0.049,0.968,0.276,73.14008480717466,2.897771120033368,31.570456554004284
1.757,0,-0.038,0.875,-0.541,121.94335603796675,2.012631139949498,-155.02390943792886
1.757,1,0.234,0.985,0.137,-137.83613204053484,-73.32439510566581,128.52284455687308
1.757,2,-0.234,0.985,0.137,-137.83613204053484,73.32439510566581,-128.52284455687308
1.757,3,-0.052,0.964,0.273,73.24369018934911,2.910147154031046,31.571310369733908
1.757,4,-0.052,0.964,0.273,73.24369018934911,2.910147154031046,31.571310369733908
1.757,5,-0.052,0.964,0.273,73.24369018934911,2.910147154031046,31.571310369733908
1.795,0,-0.039,0.872,-0.535,121.94335603796675,2.012631139949498,-154.92390943792887
1.795,1,0.228,0.973,0.135,-137.5435254869641,-73.24025664492603,128.31900016546084
1.795,2,-0.228,0.973,0.135,-137.5435254869641,73.24025664492603,-128.31900016546084
1.795,3,-0.053,0.964,0.273,73.2485820916778,2.9389732450952653,31.56719043737148
1.795,4,-0.053,0.964,0.273,73.2485820916778,2.9389732450952653,31.56719043737148
1.795,5,-0.053,0.964,0.273,73.2485820916778,2.9389732450952653,31.56719043737148
1.833,0,-0.04,0.863,-0.531,121.94033475340399,2.0655369728046016,-155.00882175458725
1.833,1,0.222,0.96,0.151,-137.34526328596482,-73.18950933912733,128.01024545338814
1.833,2,-0.222,0.96,0.151,-137.34526328596482,73.18950933912733,-128.01024545338814
1.833,3,-0.051,0.963,0.269,73.35220499951168,2.950829293007855,31.56817011939054
1.833,4,-0.051,0.963,0.269,73.35220499951168,2.950829293007855,31.56817011939054
1.833,5,-0.051,0.963,0.269,73.35220499951168,2.950829293007855,31.56817011939054
1.872,0,-0.042,0.863,-0.527,121.93723491025384,2.118438272702835,-154.99373972681028
1.872,1,0.224,0.947,0.133,-137.2995349906654,-73.17259655063448,128.06414046609507
1.872,2,-0.224,0.947,0.133,-137.2995349906654,73.17259655063448,-128.06414046609507
1.872,3,-0.049,0.964,0.271,73.45088456937872,2.933858728263785,31.573235443881252
1.872,4,-0.049,0.964,0.271,73.45088456937872,2.933858728263785,31.573235443881252
1.872,5,-0.049,0.964,0.271,73.45088456937872,2.933858728263785,31.573235443881252
1.911,0,-0.042,0.862,-0.531,121.93405650210053,2.17133492313065,-154.97866349946318
1.911,1,0.227,0.952,0.143,-137.61673056117826,-73.12775044345007,128.27006972613563
1.911,2,-0.227,0.952,0.143,-137.61673056117826,73.12775044345007,-128.27006972613563
1.911,3,-0.051,0.964,0.27,73.45088456937872,2.933858728263785,31.473235443881254
1.911,4,-0.051,0.964,0.27,73.45088456937872,2.933858728263785,31.473235443881254
1.911,5,-0.051,0.964,0.27,73.45088456937872,2.933858728263785,31.473235443881254
1.949,0,-0.039,0.865,-0.535,121.93405650210053,2.17133492313065,-155.07866349946318
1.949,1,0.228,0.956,0.119,-137.81463069113803,-73.1780750075223,128.57854707383538
1.949,2,-0.228,0.956,0.119,-137.81463069113803,73.1780750075223,-128.57854707383538
1.949,3,-0.049,0.964,0.275,73.44599579302044,2.9053709155393306,31.377254483039135
1.949,4,-0.049,0.964,0.275,73.44599579302044,2.9053709155393306,31.377254483039135
1.949,5,-0.049,0.964,0.275,73.44599579302044,2.9053709155393306,31.377254483039135
1.987,0,-0.033,0.874,-0.539,121.93723491025384,2.1184382727028352,-155.09373972681027
1.987,1,0.229,0.969,0.13,-137.76798863536345,-73.16116099709177,128.63153248042883
1.987,2,-0.229,0.969,0.13,-137.76798863536345,73.16116099709177,-128.63153248042883
1.987,3,-0.052,0.966,0.271,73.54469822682455,2.888556814352343,31.38224290703678
1.987,4,-0.052,0.966,0.271,73.54469822682455,2.888556814352343,31.38224290703678
1.987,5,-0.052,0.966,0.271,73.54469822682455,2.888556814352343,31.38224290703678
2.025,0,-0.032,0.876,-0.542,121.94033475340399,2.0655369728046016,-155.20882175458726
2.025,1,0.231,0.98,0.119,-137.67467906796236,-73.12737047618583,128.73749089409543
2.025,2,-0.231,0.98,0.119,-137.67467906796236,73.12737047618583,-128.73749089409543
2.025,3,-0.05,0.965,0.27,73.54956114262608,2.916879476401706,31.37827141814834
2.025,4,-0.05,0.965,0.27,73.54956114262608,2.916879476401706,31.37827141814834
2.025,5,-0.05,0.965,0.27,73.54956114262608,2.916879476401706,31.37827141814834
2.063,0,-0.033,0.872,-0.542,122.0462074946943,1.9651937636749943,-155.1355812922698
2.063,1,0.233,0.981,0.121,-137.58133571183637,-73.09363004502862,128.84343293675158
2.063,2,-0.233,0.981,0.121,-137.58133571183637,73.09363004502862,-128.84343293675158
2.063,3,-0.051,0.97,0.265,73.65311912485978,2.928040879968568,31.379358593578168
2.063,4,-0.051,0.97,0.265,73.65311912485978,2.928040879968568,31.379358593578168
2.063,5,-0.051,0.97,0.265,73.65311912485978,2.928040879968568,31.379358593578168
2.102,0,-0.033,0.874,-0.542,122.14899077911026,1.917450507978013,-155.14743358155621
2.102,1,0.23,0.97,0.124,-137.53465141975911,-73.07677864675276,128.89639787913686
2.102,2,-0.23,0.97,0.124,-137.53465141975911,73.07677864675276,-128.89639787913686
2.102,3,-0.048,0.97,0.275,73.64823473519643,2.899891588045766,31.283278029434015
2.102,4,-0.048,0.97,0.275,73.64823473519643,2.899891588045766,31.283278029434015
2.102,5,-0.048,0.97,0.275,73.64823473519643,2.899891588045766,31.283278029434015
2.14,0,-0.036,0.859,-0.548,122.24890562114658,1.9227638595822165,-155.24408584200503
2.14,1,0.214,0.948,0.132,-137.50966785135336,-73.20709886879615,128.8938767056105
2.14,2,-0.214,0.948,0.132,-137.50966785135336,73.20709886879615,-128.8938767056105
2.14,3,-0.043,0.972,0.267,73.73733045652796,2.8269028444603554,31.196014407140407
2.14,4,-0.043,0.972,0.267,73.73733045652796,2.8269028444603554,31.196014407140407
2.14,5,-0.043,0.972,0.267,73.73733045652796,2.8269028444603554,31.196014407140407
2.178,0,-0.033,0.865,-0.554,122.44873717158455,1.9333730183688973,-155.33736254427214
2.178,1,0.217,0.945,0.12,-137.9548118220008,-73.32497286186369,129.46045045334708
2.178,2,-0.217,0.945,0.12,-137.9548118220008,73.32497286186369,-129.46045045334708
2.178,3,-0.049,0.963,0.26,73.83604993878586,2.810228647505409,31.20086878233799
2.178,4,-0.049,0.963,0.26,73.83604993878586,2.810228647505409,31.20086878233799
2.178,5,-0.049,0.963,0.26,73.83604993878586,2.810228647505409,31.20086878233799
2.217,0,-0.023,0.868,-0.564,122.55420173487938,1.831057434061954,-155.36531400195696
2.217,1,0.224,0.968,0.128,-137.93363068422192,-73.45551342625741,129.4613774067005
2.217,2,-0.224,0.968,0.128,-137.93363068422192,73.45551342625741,-129.4613774067005
2.217,3,-0.051,0.966,0.257,73.84078804848174,2.8380633670498603,31.097033631672616
2.217,4,-0.051,0.966,0.257,73.84078804848174,2.8380633670498603,31.097033631672616
2.217,5,-0.051,0.966,0.257,73.84078804848174,2.8380633670498603,31.097033631672616
2.254,0,-0.018,0.863,-0.562,122.76180655549392,1.6787164199336675,-155.4065025604587
2.254,1,0.224,0.982,0.13,-137.95990344575603,-73.60240391089944,129.4099016767331
2.254,2,-0.224,0.982,0.13,-137.95990344575603,73.60240391089944,-129.4099016767331
2.254,3,-0.048,0.972,0.261,73.93947888144953,2.8212153373420437,31.101905648991178
2.254,4,-0.048,0.972,0.261,73.93947888144953,2.8212153373420437,31.101905648991178
2.254,5,-0.048,0.972,0.261,73.93947888144953,2.8212153373420437,31.101905648991178
2.294,0,-0.025,0.86,-0.555,122.86417482845722,1.6289983363117815,-155.41953868959433
2.294,1,0.219,0.991,0.125,-138.21333066601073,-73.6692047227416,129.67402853849134
2.294,2,-0.219,0.991,0.125,-138.21333066601073,73.6692047227416,-129.67402853849134
2.294,3,-0.052,0.97,0.258,73.94423778877186,2.8488766105503855,31.098121558992887
2.294,4,-0.052,0.97,0.258,73.94423778877186,2.8488766105503855,31.098121558992887
2.294,5,-0.052,0.97,0.258,73.94423778877186,2.8488766105503855,31.098121558992887
2.332,0,-0.034,0.853,-0.555,122.9616863551613,1.68780146478754,-155.4006312483077
2.332,1,0.225,0.994,0.117,-138.16534696908678,-73.65294537377154,129.72572428208895
2.332,2,-0.225,0.994,0.117,-138.16534696908678,73.65294537377154,-129.72572428208895
2.332,3,-0.044,0.969,0.272,73.83135872092798,2.7823860246049215,31.004708520007913
2.332,4,-0.044,0.969,0.272,73.83135872092798,2.7823860246049215,31.004708520007913
2.332,5,-0.044,0.969,0.272,73.83135872092798,2.7823860246049215,31.004708520007913
2.37,0,-0.037,0.859,-0.558,123.0591108283117,1.7468885441166149,-155.28153108345833
2.37,1,0.219,0.989,0.129,-137.89104235646855,-73.71668000908716,129.46246559927548
2.37,2,-0.219,0.989,0.129,-137.89104235646855,73.71668000908716,-129.46246559927548
2.37,3,-0.043,0.972,0.266,73.82211699140686,2.7266773839375325,30.912401578515247
2.37,4,-0.043,0.972,0.266,73.82211699140686,2.7266773839375325,30.912401578515247
2.37,5,-0.043,0.972,0.266,73.82211699140686,2.7266773839375325,30.912401578515247
2.408,0,-0.039,0.868,-0.557,122.9539102187555,1.851008074809696,-155.3524726934456
2.408,1,0.214,0.98,0.125,-137.9171234035151,-73.86336313447481,129.41042739429653
2.408,2,-0.214,0.98,0.125,-137.9171234035151,73.86336313447481,-129.41042739429653
2.408,3,-0.047,0.971,0.265,73.82211699140686,2.726677383937532,31.012401578515238
2.408,4,-0.047,0.971,0.265,73.82211699140686,2.726677383937532,31.012401578515238
2.408,5,-0.047,0.971,0.265,73.82211699140686,2.726677383937532,31.012401578515238
2.447,0,-0.037,0.864,-0.555,122.9539102187555,1.851008074809696,-155.2524726934456
2.447,1,0.219,0.971,0.134,-137.70871390751222,-73.81230795895559,129.09181498353047
2.447,2,-0.219,0.971,0.134,-137.70871390751222,73.81230795895559,-129.09181498353047
2.447,3,-0.043,0.965,0.27,73.71874649913221,2.7148236309440783,30.911588004441217
2.447,4,-0.043,0.965,0.27,73.71874649913221,2.7148236309440783,30.911588004441217
2.447,5,-0.043,0.965,0.27,73.71874649913221,2.7148236309440783,30.911588004441217
2.484,0,-0.032,0.863,-0.548,122.85398225852101,1.8460288163866152,-155.3556960841174
2.484,1,0.22,0.968,0.134,-137.75573629074057,-73.8284507658324,129.03916018406764
2.484,2,-0.22,0.968,0.134,-137.75573629074057,73.8284507658324,-129.03916018406764
2.484,3,-0.045,0.966,0.268,73.71421844043415,2.686784565674956,30.91549266473375
2.484,4,-0.045,0.966,0.268,73.71421844043415,2.686784565674956,30.91549266473375
2.484,5,-0.045,0.966,0.268,73.71421844043415,2.686784565674956,30.91549266473375
2.523,0,-0.029,0.868,-0.546,122.65678723863945,1.7820948753351162,-155.37788171448918
2.523,1,0.221,0.966,0.136,-137.2677677755577,-73.83964248308034,128.45212213336205
2.523,2,-0.221,0.966,0.136,-137.2677677755577,73.83964248308034,-128.45212213336205
2.523,3,-0.047,0.967,0.267,73.71421844043415,2.6867845656749565,30.815492664733743
2.523,4,-0.047,0.967,0.267,73.71421844043415,2.6867845656749565,30.815492664733743
2.523,5,-0.047,0.967,0.267,73.71421844043415,2.6867845656749565,30.815492664733743
2.561,0,-0.026,0.867,-0.541,122.45692663775826,1.772391221877979,-155.3840801512719
2.561,1,0.223,0.965,0.133,-137.31383488966057,-73.85579690746029,128.39851988211947
2.561,2,-0.223,0.965,0.133,-137.31383488966057,73.85579690746029,-128.39851988211947
2.561,3,-0.045,0.965,0.272,73.70973756877554,2.6587379540839313,30.819401739208185
2.561,4,-0.045,0.965,0.272,73.70973756877554,2.6587379540839313,30.819401739208185
2.561,5,-0.045,0.965,0.272,73.70973756877554,2.6587379540839313,30.819401739208185
2.599,0,-0.028,0.863,-0.535,122.35956435181772,1.7140101095222602,-155.30265586413762
2.599,1,0.221,0.964,0.135,-137.10657797994196,-73.80406158157835,128.08117437996853
2.599,2,-0.221,0.964,0.135,-137.10657797994196,73.80406158157835,-128.08117437996853
2.599,3,-0.044,0.968,0.276,73.50751114551561,2.6616906412503623,30.814183425756244
2.599,4,-0.044,0.968,0.276,73.50751114551561,2.6616906412503623,30.814183425756244
2.599,5,-0.044,0.968,0.276,73.50751114551561,2.6616906412503623,30.814183425756244
2.637,0,-0.029,0.867,-0.535,122.25963111612965,1.7092922310808343,-155.3056408212043
2.637,1,0.224,0.965,0.147,-137.19775215808298,-73.8365477838112,127.9730355758983
2.637,2,-0.224,0.965,0.147,-137.19775215808298,73.8365477838112,-127.9730355758983
2.637,3,-0.045,0.966,0.278,73.50751114551561,2.6616906412503623,30.814183425756244
2.637,4,-0.045,0.966,0.278,73.50751114551561,2.6616906412503623,30.814183425756244
2.637,5,-0.045,0.966,0.278,73.50751114551561,2.6616906412503623,30.814183425756244
2.675,0,-0.033,0.874,-0.539,122.0572117204474,1.7529193776628824,-155.29637514676526
2.675,1,0.226,0.967,0.144,-137.19775215808298,-73.8365477838112,127.9730355758983
2.675,2,-0.226,0.967,0.144,-137.19775215808298,73.8365477838112,-127.9730355758983
2.675,3,-0.051,0.965,0.281,73.40861104893473,2.6771821688813335,30.709577290950786
2.675,4,-0.051,0.965,0.281,73.40861104893473,2.6771821688813335,30.709577290950786
2.675,5,-0.051,0.965,0.281,73.40861104893473,2.6771821688813335,30.709577290950786
2.715,0,-0.035,0.882,-0.538,121.95465571305238,1.8009648085077217,-155.28431382925217
2.715,1,0.228,0.972,0.149,-136.95860878562547,-73.91407518378162,127.6454312336778
2.715,2,-0.228,0.972,0.149,-136.95860878562547,73.91407518378162,-127.6454312336778
2.715,3,-0.048,0.965,0.271,73.40861104893473,2.6771821688813335,30.709577290950786
2.715,4,-0.048,0.965,0.271,73.40861104893473,2.6771821688813335,30.709577290950786
2.715,5,-0.048,0.965,0.271,73.40861104893473,2.6771821688813335,30.709577290950786
2.752,0,-0.038,0.881,-0.536,121.85203084262012,1.8487048729915088,-155.1724328757975
2.752,1,0.226,0.968,0.146,-136.75086841064413,-73.86191673350731,127.32771581413382
2.752,2,-0.226,0.968,0.146,-136.75086841064413,73.86191673350731,-127.32771581413382
2.752,3,-0.051,0.963,0.275,73.31423748131328,2.7213817738391737,30.700839596185308
2.752,4,-0.051,0.963,0.275,73.31423748131328,2.7213817738391737,30.700839596185308
2.752,5,-0.051,0.963,0.275,73.31423748131328,2.7213817738391737,30.700839596185308
2.79,0,-0.038,0.878,-0.533,121.74933760777961,1.8961389982201526,-155.06073157687686
2.79,1,0.225,0.967,0.155,-136.84006779721832,-73.89446278087678,127.21763382170208
2.79,2,-0.225,0.967,0.155,-136.84006779721832,73.89446278087678,-127.21763382170208
2.79,3,-0.043,0.966,0.276,73.31423748131328,2.7213817738391737,30.800839596185316
2.79,4,-0.043,0.966,0.276,73.31423748131328,2.7213817738391737,30.800839596185316
2.79,5,-0.043,0.966,0.276,73.31423748131328,2.7213817738391737,30.800839596185316
2.83,0,-0.038,0.874,-0.535,121.7464832803816,1.9487572990224042,-155.04581660559708
2.83,1,0.219,0.963,0.142,-137.12608642429203,-73.8337874116719,127.49238492175196
2.83,2,-0.219,0.963,0.142,-137.12608642429203,73.8337874116719,-127.49238492175196
2.83,3,-0.042,0.966,0.275,73.30522764933305,2.663942157170591,30.70905359433059
2.83,4,-0.042,0.966,0.275,73.30522764933305,2.663942157170591,30.70905359433059
2.83,5,-0.042,0.966,0.275,73.30522764933305,2.663942157170591,30.70905359433059
2.867,0,-0.038,0.866,-0.535,121.7464832803816,1.9487572990224042,-154.9458166055971
2.867,1,0.221,0.966,0.147,-137.37997428780926,-73.9016637782101,127.75667990451457
2.867,2,-0.221,0.966,0.147,-137.37997428780926,73.9016637782101,-127.75667990451457
2.867,3,-0.045,0.963,0.275,73.20184332357341,2.6503559993022603,30.708604768032114
2.867,4,-0.045,0.963,0.275,73.20184332357341,2.6503559993022603,30.708604768032114
2.867,5,-0.045,0.963,0.275,73.20184332357341,2.6503559993022603,30.708604768032114
2.906,0,-0.033,0.868,-0.535,121.74933760777961,1.896138998220153,-154.96073157687687
2.906,1,0.218,0.969,0.14,-137.37997428780926,-73.9016637782101,127.75667990451457
2.906,2,-0.218,0.969,0.14,-137.37997428780926,73.9016637782101,-127.75667990451457
2.906,3,-0.042,0.964,0.276,73.19743605306743,2.621452210840464,30.61277160448366
2.906,4,-0.042,0.964,0.276,73.19743605306743,2.621452210840464,30.61277160448366
2.906,5,-0.042,0.964,0.276,73.19743605306743,2.621452210840464,30.61277160448366
2.944,0,-0.029,0.867,-0.536,121.75211366712007,1.8435165192337573,-154.97565172193075
2.944,1,0.223,0.977,0.144,-137.66404690034474,-73.84024454243786,128.0295710602745
2.944,2,-0.223,0.977,0.144,-137.66404690034474,73.84024454243786,-128.0295710602745
2.944,3,-0.046,0.963,0.274,73.19307728407756,2.5925410991614872,30.51694286829969
2.944,4,-0.046,0.963,0.274,73.19307728407756,2.5925410991614872,30.51694286829969
2.944,5,-0.046,0.963,0.274,73.19307728407756,2.5925410991614872,30.51694286829969
2.982,0,-0.027,0.871,-0.533,121.75481146399851,1.790889978342809,-154.99057689716543
2.982,1,0.227,0.98,0.137,-137.61801974142443,-73.82387348087674,128.08317905253747
2.982,2,-0.227,0.98,0.137,-137.61801974142443,73.82387348087674,-128.08317905253747
2.982,3,-0.049,0.963,0.283,73.10288914664234,2.6654929719531926,30.60401597499533
2.982,4,-0.049,0.963,0.283,73.10288914664234,2.6654929719531926,30.60401597499533
2.982,5,-0.049,0.963,0.283,73.10288914664234,2.6654929719531926,30.60401597499533
3.022,0,-0.026,0.869,-0.531,121.6548901648903,1.7858443906892385,-154.99369522464255
3.022,1,0.218,0.975,0.137,-137.89950780114228,-73.7620073218508,128.3534806623085
3.022,2,-0.218,0.975,0.137,-137.89950780114228,73.7620073218508,-128.3534806623085
3.022,3,-0.042,0.967,0.287,72.99507555431066,2.6221459542853145,30.507935557506627
3.022,4,-0.042,0.967,0.287,72.99507555431066,2.6221459542853145,30.507935557506627
3.022,5,-0.042,0.967,0.287,72.99507555431066,2.6221459542853145,30.507935557506627
3.06,0,-0.029,0.87,-0.53,121.55496941478039,1.7807933751500982,-154.8968047352948
3.06,1,0.223,0.972,0.132,-137.85298782016596,-73.74557511769592,128.40659662419148
3.06,2,-0.223,0.972,0.132,-137.85298782016596,73.74557511769592,-128.40659662419148
3.06,3,-0.043,0.966,0.277,72.99072058404893,2.5928969236309576,30.5122095935995
3.06,4,-0.043,0.966,0.277,72.99072058404893,2.5928969236309576,30.5122095935995
3.06,5,-0.043,0.966,0.277,72.99072058404893,2.5928969236309576,30.5122095935995
3.098,0,-0.031,0.875,-0.531,121.45236563304894,1.8279179064606943,-154.8852538209533
3.098,1,0.22,0.963,0.146,-138.17891022462229,-73.69977263344862,128.62169490740595
3.098,2,-0.22,0.963,0.146,-138.17891022462229,73.69977263344862,-128.62169490740595
3.098,3,-0.042,0.96,0.277,72.99072058404893,2.5928969236309576,30.61220959359951
3.098,4,-0.042,0.96,0.277,72.99072058404893,2.5928969236309576,30.61220959359951
3.098,5,-0.042,0.96,0.277,72.99072058404893,2.5928969236309576,30.61220959359951
3.137,0,-0.037,0.875,-0.527,121.34686010568063,1.9267592018870143,-154.75932944451088
3.137,1,0.222,0.961,0.152,-138.2259022991745,-73.71628916208091,128.56905840758958
3.137,2,-0.222,0.961,0.152,-138.2259022991745,73.71628916208091,-128.56905840758958
3.137,3,-0.039,0.961,0.283,72.88308727244502,2.548672244980983,30.61637777143065
3.137,4,-0.039,0.961,0.283,72.88308727244502,2.548672244980983,30.61637777143065
3.137,5,-0.039,0.961,0.283,72.88308727244502,2.548672244980983,30.61637777143065
3.175,0,-0.039,0.884,-0.526,121.14117225305816,2.0191635256445806,-154.73730292160337
3.175,1,0.219,0.971,0.164,-138.3198631789533,-73.74935851887643,128.46377446798283
3.175,2,-0.219,0.971,0.164,-138.3198631789533,73.74935851887643,-128.46377446798283
3.175,3,-0.04,0.964,0.283,72.87467776216106,2.4897936739181192,30.625055956463832
3.175,4,-0.04,0.964,0.283,72.87467776216106,2.4897936739181192,30.625055956463832
3.175,5,-0.04,0.964,0.283,72.87467776216106,2.4897936739181192,30.625055956463832
3.213,0,-0.037,0.885,-0.522,121.03822955380963,2.064902342547872,-154.72655268263304
3.213,1,0.218,0.965,0.153,-138.36683194235724,-73.76591132080615,128.41112698357392
3.213,2,-0.218,0.965,0.153,-138.36683194235724,73.76591132080615,-128.41112698357392
3.213,3,-0.045,0.96,0.289,72.77556243275677,2.5037505603955617,30.62073818398071
3.213,4,-0.045,0.96,0.289,72.77556243275677,2.5037505603955617,30.62073818398071
3.213,5,-0.045,0.96,0.289,72.77556243275677,2.5037505603955617,30.62073818398071
3.252,0,-0.036,0.884,-0.519,120.84149815913855,2.0016718114637717,-154.5478158748774
3.252,1,0.217,0.957,0.154,-138.693517677914,-73.72023444443515,128.62702746435744
3.252,2,-0.217,0.957,0.154,-138.693517677914,73.72023444443515,-128.62702746435744
3.252,3,-0.044,0.957,0.29,72.77976375684678,2.5333586117984566,30.716346837434095
3.252,4,-0.044,0.957,0.29,72.77976375684678,2.5333586117984566,30.716346837434095
3.252,5,-0.044,0.957,0.29,72.77976375684678,2.5333586117984566,30.716346837434095
3.289,0,-0.033,0.885,-0.518,120.74160821958783,1.9958290581255782,-154.5512998072031
3.289,1,0.218,0.953,0.136,-138.92324322000252,-73.64092087379363,128.94518343055694
3.289,2,-0.218,0.953,0.136,-138.92324322000252,73.64092087379363,-128.94518343055694
3.289,3,-0.042,0.961,0.284,72.6764449924426,2.5176999637380977,30.61639620467285
3.289,4,-0.042,0.961,0.284,72.6764449924426,2.5176999637380977,30.61639620467285
3.289,5,-0.042,0.961,0.284,72.6764449924426,2.5176999637380977,30.61639620467285
3.328,0,-0.033,0.886,-0.517,120.74160821958783,1.9958290581255782,-154.5512998072031
3.328,1,0.225,0.958,0.134,-139.14994780733994,-73.56111949936493,129.26031401409156
3.328,2,-0.225,0.958,0.134,-139.14994780733994,73.56111949936493,-129.26031401409156
3.328,3,-0.045,0.961,0.28,72.78401462767727,2.562959617903038,30.711959862379263
3.328,4,-0.045,0.961,0.28,72.78401462767727,2.562959617903038,30.711959862379263
3.328,5,-0.045,0.961,0.28,72.78401462767727,2.562959617903038,30.711959862379263
3.366,0,-0.035,0.886,-0.518,120.64171899034483,1.9899802434702176,-154.4547735294188
3.366,1,0.227,0.967,0.141,-139.10154379726544,-73.5443671632833,129.3115202596344
3.366,2,-0.227,0.967,0.141,-139.10154379726544,73.5443671632833,-129.3115202596344
3.366,3,-0.05,0.959,0.278,72.79706445848512,2.6517195368725712,30.798825668876155
3.366,4,-0.05,0.959,0.278,72.79706445848512,2.6517195368725712,30.798825668876155
3.366,5,-0.05,0.959,0.278,72.79706445848512,2.6517195368725712,30.798825668876155
3.404,0,-0.037,0.884,-0.516,120.63558671119465,2.0919047148780026,-154.4269624220816
3.404,1,0.23,0.975,0.144,-139.3736568386938,-73.48083733400681,129.57244468589494
3.404,2,-0.23,0.975,0.144,-139.3736568386938,73.48083733400681,-129.57244468589494
3.404,3,-0.049,0.963,0.281,72.80151345377023,2.681291534253168,30.69445668229733
3.404,4,-0.049,0.963,0.281,72.80151345377023,2.681291534253168,30.69445668229733
3.404,5,-0.049,0.963,0.281,72.80151345377023,2.681291534253168,30.69445668229733
3.442,0,-0.04,0.877,-0.514,120.73227697067739,2.1491584830180614,-154.3093253857846
3.442,1,0.218,0.975,0.148,-139.30961172240495,-73.59299392187457,129.630134740768
3.442,2,-0.218,0.975,0.148,-139.30961172240495,73.59299392187457,-129.630134740768
3.442,3,-0.043,0.964,0.284,72.80151345377023,2.681291534253168,30.794456682297326
3.442,4,-0.043,0.964,0.284,72.80151345377023,2.681291534253168,30.794456682297326
3.442,5,-0.043,0.964,0.284,72.80151345377023,2.681291534253168,30.794456682297326
3.48,0,-0.045,0.873,-0.514,120.82210715534234,2.3091856246149014,-154.1633853662143
3.48,1,0.218,0.975,0.15,-139.63059314154944,-73.54577949137445,129.84039761245157
3.48,2,-0.218,0.975,0.15,-139.63059314154944,73.54577949137445,-129.84039761245157
3.48,3,-0.042,0.962,0.279,72.89607118317576,2.6369366768225793,30.80339342939327
3.48,4,-0.042,0.962,0.279,72.89607118317576,2.6369366768225793,30.80339342939327
3.48,5,-0.042,0.962,0.279,72.89607118317576,2.6369366768225793,30.80339342939327
3.518,0,-0.044,0.871,-0.516,120.81502718505126,2.4116499397484485,-154.13528998490858
3.518,1,0.212,0.971,0.145,-139.83978150289283,-73.59370104039007,130.1602184971071
3.518,2,-0.212,0.971,0.145,-139.83978150289283,73.59370104039007,-130.1602184971071
3.518,3,-0.043,0.965,0.281,72.89169393531066,2.6075224326721806,30.70771708573343
3.518,4,-0.043,0.965,0.281,72.89169393531066,2.6075224326721806,30.70771708573343
3.518,5,-0.043,0.965,0.281,72.89169393531066,2.6075224326721806,30.70771708573343
3.556,0,-0.045,0.865,-0.519,120.91120579321107,2.470057025504626,-154.11695560588012
3.556,1,0.216,0.974,0.138,-140.0501000469807,-73.64142147813365,130.48117849001224
3.556,2,-0.216,0.974,0.138,-140.0501000469807,73.64142147813365,-130.48117849001224
3.556,3,-0.041,0.966,0.282,72.88736596294314,2.5781009279354263,30.81204521630353
3.556,4,-0.041,0.966,0.282,72.88736596294314,2.5781009279354263,30.81204521630353
3.556,5,-0.041,0.966,0.282,72.88736596294314,2.5781009279354263,30.81204521630353
3.594,0,-0.049,0.88,-0.524,121.00347049171577,2.5802619393847293,-153.984234212863
3.594,1,0.215,0.974,0.139,-140.0501000469807,-73.64142147813365,130.48117849001224
3.594,2,-0.215,0.974,0.139,-140.0501000469807,73.64142147813365,-130.48117849001224
3.594,3,-0.048,0.96,0.279,72.89169393531066,2.6075224326721806,30.807717085733426
3.594,4,-0.048,0.96,0.279,72.89169393531066,2.6075224326721806,30.807717085733426
3.594,5,-0.048,0.96,0.279,72.89169393531066,2.6075224326721806,30.807717085733426
3.634,0,-0.052,0.885,-0.533,120.9995691617206,2.6317680302139053,-153.97003831227067
3.634,1,0.222,0.976,0.132,-139.99981747087196,-73.6248351834173,130.5305251881603
3.634,2,-0.222,0.976,0.132,-139.99981747087196,73.6248351834173,-130.5305251881603
3.634,3,-0.048,0.961,0.287,72.89607118317576,2.6369366768225793,30.80339342939327
3.634,4,-0.048,0.961,0.287,72.89607118317576,2.6369366768225793,30.80339342939327
3.634,5,-0.048,0.961,0.287,72.89607118317576,2.6369366768225793,30.80339342939327
3.672,0,-0.053,0.883,-0.539,121.19520735389571,2.6987901096912847,-154.04647746891186
3.672,1,0.22,0.978,0.132,-139.9495337608236,-73.60826109841949,130.5798749006311
3.672,2,-0.22,0.978,0.132,-139.9495337608236,73.60826109841949,-130.5798749006311
3.672,3,-0.043,0.964,0.288,72.79706445848512,2.6517195368725712,30.798825668876155
3.672,4,-0.043,0.964,0.288,72.79706445848512,2.6517195368725712,30.798825668876155
3.672,5,-0.043,0.964,0.288,72.79706445848512,2.6517195368725712,30.798825668876155
3.71,0,-0.052,0.887,-0.538,121.29501771199455,2.70653879663285,-153.9417711196282
3.71,1,0.219,0.979,0.127,-139.84896292203285,-73.57514960973802,130.6785833571319
3.71,2,-0.219,0.979,0.127,-139.84896292203285,73.57514960973802,-130.6785833571319
3.71,3,-0.048,0.964,0.278,72.89607118317576,2.6369366768225793,30.80339342939327
3.71,4,-0.048,0.964,0.278,72.89607118317576,2.6369366768225793,30.80339342939327
3.71,5,-0.048,0.964,0.278,72.89607118317576,2.6369366768225793,30.80339342939327
3.75,0,-0.045,0.884,-0.534,121.29901831759697,2.6545913229256395,-154.05622893519373
3.75,1,0.214,0.973,0.137,-139.5797176389814,-73.64016017033073,130.42028236101856
3.75,2,-0.214,0.973,0.137,-139.5797176389814,73.64016017033073,-130.42028236101856
3.75,3,-0.047,0.961,0.28,72.90497347952738,2.6957430539145717,30.794759737890804
3.75,4,-0.047,0.961,0.28,72.90497347952738,2.6957430539145717,30.794759737890804
3.75,5,-0.047,0.961,0.28,72.90497347952738,2.6957430539145717,30.794759737890804
3.787,0,-0.044,0.871,-0.528,121.40276701224522,2.6100808594283893,-153.96615447203496
3.787,1,0.216,0.97,0.142,-139.30838846950746,-73.70482613124638,130.15989569833218
3.787,2,-0.216,0.97,0.142,-139.30838846950746,73.70482613124638,-130.15989569833218
3.787,3,-0.045,0.963,0.28,73.0039325361621,2.6806220052657252,30.699400960887164
3.787,4,-0.045,0.963,0.28,73.0039325361621,2.6806220052657252,30.699400960887164
3.787,5,-0.045,0.963,0.28,73.0039325361621,2.6806220052657252,30.699400960887164
3.826,0,-0.043,0.868,-0.529,121.50645287897086,2.565259268047776,-153.9762548340441
3.826,1,0.215,0.965,0.144,-139.0838459827237,-73.78549298915095,129.8466429824436
3.826,2,-0.215,0.965,0.144,-139.0838459827237,73.78549298915095,-129.8466429824436
3.826,3,-0.043,0.967,0.278,73.0039325361621,2.6806220052657252,30.699400960887164
3.826,4,-0.043,0.967,0.278,73.0039325361621,2.6806220052657252,30.699400960887164
3.826,5,-0.043,0.967,0.278,73.0039325361621,2.6806220052657252,30.699400960887164
3.864,0,-0.039,0.864,-0.531,121.61007536450494,2.5201271004597583,-154.0865307719861
3.864,1,0.213,0.965,0.139,-138.80783367479933,-73.84938889021369,129.58156659677394
3.864,2,-0.213,0.965,0.139,-138.80783367479933,73.84938889021369,-129.58156659677394
3.864,3,-0.042,0.962,0.282,73.0039325361621,2.6806220052657252,30.699400960887164
3.864,4,-0.042,0.962,0.282,73.0039325361621,2.6806220052657252,30.699400960887164
3.864,5,-0.042,0.962,0.282,73.0039325361621,2.6806220052657252,30.699400960887164
3.902,0,-0.039,0.869,-0.534,121.61378455331567,2.4677107669131746,-154.10128825581924
3.902,1,0.214,0.967,0.144,-138.80783367479933,-73.84938889021369,129.58156659677394
3.902,2,-0.214,0.967,0.144,-138.80783367479933,73.84938889021369,-129.58156659677394
3.902,3,-0.044,0.963,0.283,72.99947954053842,2.651387675489244,30.703665996917106
3.902,4,-0.044,0.963,0.283,72.99947954053842,2.651387675489244,30.703665996917106
3.902,5,-0.044,0.963,0.283,72.99947954053842,2.651387675489244,30.703665996917106
3.94,0,-0.04,0.877,-0.54,121.7172712710627,2.422114792000498,-154.11183837121277
3.94,1,0.221,0.968,0.145,-138.57761902635673,-73.92915058078555,129.26263301306741
3.94,2,-0.221,0.968,0.145,-138.57761902635673,73.92915058078555,-129.26263301306741
3.94,3,-0.046,0.967,0.286,72.99947954053842,2.651387675489244,30.603665996917105
3.94,4,-0.046,0.967,0.286,72.99947954053842,2.651387675489244,30.603665996917105
3.94,5,-0.046,0.967,0.286,72.99947954053842,2.651387675489244,30.603665996917105
3.978,0,-0.044,0.878,-0.543,121.7172712710627,2.422114792000498,-154.11183837121277
3.978,1,0.216,0.969,0.143,-138.62553888122733,-73.94538634990752,129.21090372070756
3.978,2,-0.216,0.969,0.143,-138.62553888122733,73.94538634990752,-129.21090372070756
3.978,3,-0.044,0.963,0.281,72.99947954053842,2.651387675489244,30.603665996917105
3.978,4,-0.044,0.963,0.281,72.99947954053842,2.651387675489244,30.603665996917105
3.978,5,-0.044,0.963,0.281,72.99947954053842,2.651387675489244,30.603665996917105
4.016,0,-0.045,0.882,-0.539,121.7136339211921,2.474684911143022,-154.19698303277562
4.016,1,0.218,0.971,0.149,-138.39172036044252,-74.02459854070527,128.88836312695534
4.016,2,-0.218,0.971,0.149,-138.39172036044252,74.02459854070527,-128.88836312695534
4.016,3,-0.047,0.962,0.279,72.99947954053842,2.651387675489244,30.603665996917105
4.016,4,-0.047,0.962,0.279,72.99947954053842,2.651387675489244,30.603665996917105
4.016,5,-0.047,0.962,0.279,72.99947954053842,2.651387675489244,30.603665996917105
4.055,0,-0.042,0.885,-0.537,121.61378455331567,2.467710766913174,-154.20128825581924
4.055,1,0.22,0.974,0.149,-138.39172036044252,-74.02459854070527,128.88836312695534
4.055,2,-0.22,0.974,0.149,-138.39172036044252,74.02459854070527,-128.88836312695534
4.055,3,-0.043,0.964,0.286,72.89607118317576,2.636936676822579,30.50339342939327
4.055,4,-0.043,0.964,0.286,72.89607118317576,2.636936676822579,30.50339342939327
4.055,5,-0.043,0.964,0.286,72.89607118317576,2.636936676822579,30.50339342939327
4.092,0,-0.045,0.879,-0.533,121.61378455331567,2.467710766913174,-154.20128825581924
4.092,1,0.213,0.967,0.145,-138.15475629701731,-74.10331136888107,128.56267290080436
4.092,2,-0.213,0.967,0.145,-138.15475629701731,74.10331136888107,-128.56267290080436
4.092,3,-0.037,0.969,0.281,72.98641463624597,2.563640665508401,30.516488056098673
4.092,4,-0.037,0.969,0.281,72.98641463624597,2.563640665508401,30.516488056098673
4.092,5,-0.037,0.969,0.281,72.98641463624597,2.563640665508401,30.516488056098673
4.13,0,-0.046,0.87,-0.53,121.61007536450494,2.5201271004597583,-154.2865307719861
4.13,1,0.216,0.972,0.153,-138.15475629701731,-74.10331136888107,128.56267290080436
4.13,2,-0.216,0.972,0.153,-138.15475629701731,74.10331136888107,-128.56267290080436
4.13,3,-0.039,0.961,0.284,72.88308727244502,2.548672244980983,30.61637777143065
4.13,4,-0.039,0.961,0.284,72.88308727244502,2.548672244980983,30.61637777143065
4.13,5,-0.039,0.961,0.284,72.88308727244502,2.548672244980983,30.61637777143065
4.168,0,-0.039,0.866,-0.526,121.61741554097357,2.4152889784266196,-154.21605246130366
4.168,1,0.217,0.971,0.146,-137.8681884998153,-74.16546031675057,128.28702166218764
4.168,2,-0.217,0.971,0.146,-137.8681884998153,74.16546031675057,-128.28702166218764
4.168,3,-0.046,0.963,0.279,72.98215771731726,2.534377261905014,30.52077089586671
4.168,4,-0.046,0.963,0.279,72.98215771731726,2.534377261905014,30.52077089586671
4.168,5,-0.046,0.963,0.279,72.98215771731726,2.534377261905014,30.52077089586671
4.206,0,-0.034,0.863,-0.529,121.62444294140131,2.3104295023502615,-154.24560046602906
4.206,1,0.215,0.969,0.155,-137.6712864326463,-74.25920924586865,127.90173815822754
4.206,2,-0.215,0.969,0.155,-137.6712864326463,74.25920924586865,-127.90173815822754
4.206,3,-0.047,0.964,0.28,72.89169393531066,2.6075224326721806,30.607717085733427
4.206,4,-0.047,0.964,0.28,72.89169393531066,2.6075224326721806,30.607717085733427
4.206,5,-0.047,0.964,0.28,72.89169393531066,2.6075224326721806,30.607717085733427
4.245,0,-0.037,0.87,-0.534,121.72771335384958,2.264372847850993,-154.25644346699718
4.245,1,0.22,0.974,0.165,-137.7172014034853,-74.27521632902908,127.84801072305596
4.245,2,-0.22,0.974,0.165,-137.7172014034853,74.27521632902908,-127.84801072305596
4.245,3,-0.047,0.962,0.285,72.89607118317576,2.636936676822579,30.60339342939327
4.245,4,-0.047,0.962,0.285,72.89607118317576,2.636936676822579,30.60339342939327
4.245,5,-0.047,0.962,0.285,72.89607118317576,2.636936676822579,30.60339342939327
4.283,0,-0.041,0.873,-0.538,121.72771335384958,2.264372847850993,-154.25644346699718
4.283,1,0.218,0.979,0.147,-137.7172014034853,-74.27521632902908,127.84801072305596
4.283,2,-0.218,0.979,0.147,-137.7172014034853,74.27521632902908,-127.84801072305596
4.283,3,-0.044,0.962,0.286,72.89607118317576,2.636936676822579,30.60339342939327
4.283,4,-0.044,0.962,0.286,72.89607118317576,2.636936676822579,30.60339342939327
4.283,5,-0.044,0.962,0.286,72.89607118317576,2.636936676822579,30.60339342939327
4.321,0,-0.046,0.888,-0.54,121.72431098032527,2.316958643873117,-154.1415687318017
4.321,1,0.216,0.977,0.152,-138.05386301215316,-74.22975927124708,128.0741319274326
4.321,2,-0.216,0.977,0.152,-138.05386301215316,74.22975927124708,-128.0741319274326
4.321,3,-0.042,0.965,0.283,72.89169393531066,2.6075224326721806,30.607717085733427
4.321,4,-0.042,0.965,0.283,72.89169393531066,2.6075224326721806,30.607717085733427
4.321,5,-0.042,0.965,0.283,72.89169393531066,2.6075224326721806,30.607717085733427
4.359,0,-0.043,0.883,-0.539,121.62096833465905,2.362861851435256,-154.13082324564363
4.359,1,0.217,0.969,0.153,-138.05386301215316,-74.22975927124708,128.0741319274326
4.359,2,-0.217,0.969,0.153,-138.05386301215316,74.22975927124708,-128.0741319274326
4.359,3,-0.045,0.962,0.282,72.89169393531066,2.6075224326721806,30.607717085733427
4.359,4,-0.045,0.962,0.282,72.89169393531066,2.6075224326721806,30.607717085733427
4.359,5,-0.045,0.962,0.282,72.89169393531066,2.6075224326721806,30.607717085733427
4.397,0,-0.036,0.873,-0.532,121.62096833465905,2.362861851435256,-154.13082324564363
4.397,1,0.219,0.98,0.145,-138.00745762222616,-74.21366692589201,128.12736178042277
4.397,2,-0.219,0.98,0.145,-138.00745762222616,74.21366692589201,-128.12736178042277
4.397,3,-0.043,0.966,0.279,72.89607118317576,2.636936676822579,30.60339342939327
4.397,4,-0.043,0.966,0.279,72.89607118317576,2.636936676822579,30.60339342939327
4.397,5,-0.043,0.966,0.279,72.89607118317576,2.636936676822579,30.60339342939327
4.436,0,-0.039,0.88,-0.53,121.62444294140131,2.3104295023502615,-154.04560046602907
4.436,1,0.22,0.98,0.15,-137.69974881532497,-74.13045337704442,127.90898399054903
4.436,2,-0.22,0.98,0.15,-137.69974881532497,74.13045337704442,-127.90898399054903
4.436,3,-0.045,0.963,0.282,72.89607118317576,2.636936676822579,30.60339342939327
4.436,4,-0.045,0.963,0.282,72.89607118317576,2.636936676822579,30.60339342939327
4.436,5,-0.045,0.963,0.282,72.89607118317576,2.636936676822579,30.60339342939327
4.476,0,-0.044,0.867,-0.528,121.62096833465905,2.362861851435256,-154.0308232456436
4.476,1,0.218,0.971,0.141,-137.94074828626034,-74.05262011368578,128.2386223556883
4.476,2,-0.218,0.971,0.141,-137.94074828626034,74.05262011368578,-128.2386223556883
4.476,3,-0.049,0.966,0.28,72.90049770008984,2.666343578022929,30.59907429691534
4.476,4,-0.049,0.966,0.28,72.90049770008984,2.666343578022929,30.59907429691534
4.476,5,-0.049,0.966,0.28,72.90049770008984,2.666343578022929,30.59907429691534
4.514,0,-0.048,0.868,-0.529,121.61741554097357,2.41528897842662,-153.91605246130368
4.514,1,0.212,0.964,0.146,-137.94074828626034,-74.05262011368578,128.2386223556883
4.514,2,-0.212,0.964,0.146,-137.94074828626034,74.05262011368578,-128.2386223556883
4.514,3,-0.042,0.961,0.281,72.90497347952738,2.6957430539145717,30.594759737890804
4.514,4,-0.042,0.961,0.281,72.90497347952738,2.6957430539145717,30.594759737890804
4.514,5,-0.042,0.961,0.281,72.90497347952738,2.6957430539145717,30.594759737890804
4.553,0,-0.047,0.873,-0.532,121.61007536450494,2.5201271004597583,-153.88653077198612
4.553,1,0.218,0.958,0.146,-137.94074828626034,-74.05262011368578,128.2386223556883
4.553,2,-0.218,0.958,0.146,-137.94074828626034,74.05262011368578,-128.2386223556883
4.553,3,-0.047,0.962,0.285,73.0039325361621,2.6806220052657252,30.599400960887163
4.553,4,-0.047,0.962,0.285,73.0039325361621,2.6806220052657252,30.599400960887163
4.553,5,-0.047,0.962,0.285,73.0039325361621,2.6806220052657252,30.599400960887163
4.592,0,-0.046,0.873,-0.532,121.61007536450494,2.5201271004597583,-153.78653077198612
4.592,1,0.213,0.96,0.143,-137.89429238639104,-74.03642994108752,128.2918070401564
4.592,2,-0.213,0.96,0.143,-137.89429238639104,74.03642994108752,-128.2918070401564
4.592,3,-0.047,0.964,0.277,73.00843453453416,2.7098488616430108,30.59514049843177
4.592,4,-0.047,0.964,0.277,73.00843453453416,2.7098488616430108,30.59514049843177
4.592,5,-0.047,0.964,0.277,73.00843453453416,2.7098488616430108,30.59514049843177
4.63,0,-0.045,0.87,-0.529,121.60628796721005,2.5725378626066617,-153.7717801525854
4.63,1,0.218,0.96,0.145,-137.94074828626034,-74.05262011368578,128.2386223556883
4.63,2,-0.218,0.96,0.145,-137.94074828626034,74.05262011368578,-128.2386223556883
4.63,3,-0.049,0.96,0.274,73.0129855289294,2.7390681626547013,30.590884658524118
4.63,4,-0.049,0.96,0.274,73.0129855289294,2.7390681626547013,30.590884658524118
4.63,5,-0.049,0.96,0.274,73.0129855289294,2.7390681626547013,30.590884658524118
4.669,0,-0.043,0.873,-0.531,121.60242235394897,2.6249429368691874,-153.75703654038335
4.669,1,0.22,0.968,0.139,-138.1785938055421,-73.97427606374497,128.56510250743273
4.669,2,-0.22,0.968,0.139,-138.1785938055421,73.97427606374497,-128.56510250743273
4.669,3,-0.047,0.962,0.282,73.0129855289294,2.7390681626547013,30.590884658524118
4.669,4,-0.047,0.962,0.282,73.0129855289294,2.7390681626547013,30.590884658524118
4.669,5,-0.047,0.962,0.282,73.0129855289294,2.7390681626547013,30.590884658524118
4.707,0,-0.045,0.875,-0.534,121.60242235394897,2.6249429368691874,-153.65703654038336
4.707,1,0.217,0.971,0.14,-138.13164045748002,-73.95802540385809,128.6177904667676
4.707,2,-0.217,0.971,0.14,-138.13164045748002,73.95802540385809,-128.6177904667676
4.707,3,-0.044,0.969,0.277,73.0129855289294,2.739068162654701,30.690884658524116
4.707,4,-0.044,0.969,0.277,73.0129855289294,2.739068162654701,30.690884658524116
4.707,5,-0.044,0.969,0.277,73.0129855289294,2.739068162654701,30.690884658524116
4.745,0,-0.056,0.874,-0.536,121.69427192297725,2.7374512961889903,-153.6228104970208
4.745,1,0.217,0.974,0.135,-138.3658656145503,-73.8791185477805,128.94064685242674
4.745,2,-0.217,0.974,0.135,-138.3658656145503,73.8791185477805,-128.94064685242674
4.745,3,-0.046,0.965,0.279,73.00843453453416,2.7098488616430108,30.59514049843177
4.745,4,-0.046,0.965,0.279,73.00843453453416,2.7098488616430108,30.59514049843177
4.745,5,-0.046,0.965,0.279,73.00843453453416,2.7098488616430108,30.59514049843177
4.783,0,-0.061,0.869,-0.537,121.78578085630068,2.8505201159004985,-153.48823651322857
4.783,1,0.217,0.974,0.133,-138.57761902635673,-73.92915058078555,129.26263301306741
4.783,2,-0.217,0.974,0.133,-138.57761902635673,73.92915058078555,-129.26263301306741
4.783,3,-0.05,0.966,0.277,73.0129855289294,2.7390681626547013,30.590884658524118
4.783,4,-0.05,0.966,0.277,73.0129855289294,2.7390681626547013,30.590884658524118
4.783,5,-0.05,0.966,0.277,73.0129855289294,2.7390681626547013,30.590884658524118
4.821,0,-0.059,0.871,-0.538,121.77715889530927,2.9558563740311388,-153.45846758859696
4.821,1,0.216,0.972,0.136,-138.29685481344194,-73.99225587831911,128.9927981888793
4.821,2,-0.216,0.972,0.136,-138.29685481344194,73.99225587831911,-128.9927981888793
4.821,3,-0.048,0.967,0.283,73.01758551254488,2.7682798263398087,30.686633490095193
4.821,4,-0.048,0.967,0.283,73.01758551254488,2.7682798263398087,30.686633490095193
4.821,5,-0.048,0.967,0.283,73.01758551254488,2.7682798263398087,30.686633490095193
4.86,0,-0.052,0.875,-0.541,121.77715889530927,2.9558563740311388,-153.45846758859696
4.86,1,0.215,0.973,0.135,-138.29685481344194,-73.99225587831911,128.9927981888793
4.86,2,-0.215,0.973,0.135,-138.29685481344194,73.99225587831911,-128.9927981888793
4.86,3,-0.052,0.964,0.279,73.02223447849974,2.7974837707428306,30.582387042033343
4.86,4,-0.052,0.964,0.279,73.02223447849974,2.7974837707428306,30.582387042033343
4.86,5,-0.052,0.964,0.279,73.02223447849974,2.7974837707428306,30.582387042033343
4.898,0,-0.051,0.871,-0.54,121.77715889530927,2.9558563740311388,-153.45846758859696
4.898,1,0.221,0.976,0.126,-138.52969336100338,-73.9129267888443,129.31436047985792
4.898,2,-0.221,0.976,0.126,-138.52969336100338,73.9129267888443,-129.31436047985792
4.898,3,-0.049,0.967,0.281,73.02693241983509,2.826679913913821,30.57814536318374
4.898,4,-0.049,0.967,0.281,73.02693241983509,2.826679913913821,30.57814536318374
4.898,5,-0.049,0.967,0.281,73.02693241983509,2.826679913913821,30.57814536318374
4.936,0,-0.047,0.875,-0.539,121.77715889530927,2.9558563740311388,-153.55846758859695
4.936,1,0.219,0.974,0.131,-138.20196220636674,-73.95996090440313,129.09722199861915
4.936,2,-0.219,0.974,0.131,-138.20196220636674,73.95996090440313,-129.09722199861915
4.936,3,-0.047,0.967,0.28,73.02693241983509,2.8266799139138215,30.67814536318374
4.936,4,-0.047,0.967,0.28,73.02693241983509,2.8266799139138215,30.67814536318374
4.936,5,-0.047,0.967,0.28,73.02693241983509,2.8266799139138215,30.67814536318374
4.974,0,-0.048,0.874,-0.536,121.68171424298778,2.8950395608295674,-153.57839546331294
4.974,1,0.223,0.975,0.143,-137.66188222124194,-73.95565724164824,128.55765902053133
4.974,2,-0.223,0.975,0.143,-137.66188222124194,73.95565724164824,-128.55765902053133
4.974,3,-0.053,0.959,0.275,73.03647520042074,2.88504846878812,30.669676508283672
4.974,4,-0.053,0.959,0.275,73.03647520042074,2.88504846878812,30.669676508283672
4.974,5,-0.053,0.959,0.275,73.03647520042074,2.88504846878812,30.669676508283672
5.012,0,-0.047,0.87,-0.532,121.68597852872715,2.8425163753561926,-153.4931927660296
5.012,1,0.218,0.968,0.145,-137.70838159416564,-73.97178798353727,128.50449806352552
5.012,2,-0.218,0.968,0.145,-137.70838159416564,73.97178798353727,-128.50449806352552
5.012,3,-0.051,0.964,0.28,73.03647520042074,2.88504846878812,30.669676508283672
5.012,4,-0.051,0.964,0.28,73.03647520042074,2.88504846878812,30.669676508283672
5.012,5,-0.051,0.964,0.28,73.03647520042074,2.88504846878812,30.669676508283672
5.05,0,-0.05,0.869,-0.53,121.58617758634,2.8345040244765176,-153.4981350183455
5.05,1,0.214,0.964,0.15,-137.7288404783901,-74.11735961622729,128.44663758542814
5.05,2,-0.214,0.964,0.15,-137.7288404783901,74.11735961622729,-128.44663758542814
5.05,3,-0.05,0.968,0.279,73.04132002536181,2.9142207166199467,30.665449429703777
5.05,4,-0.05,0.968,0.279,73.04132002536181,2.9142207166199467,30.665449429703777
5.05,5,-0.05,0.968,0.279,73.04132002536181,2.9142207166199467,30.665449429703777
5.088,0,-0.053,0.871,-0.531,121.58192077575875,2.8868789111344904,-153.3834285830844
5.088,1,0.215,0.958,0.152,-137.77529854366165,-74.13338139417614,128.3934371180591
5.088,2,-0.215,0.958,0.152,-137.77529854366165,74.13338139417614,-128.3934371180591
5.088,3,-0.048,0.961,0.281,73.03647520042074,2.88504846878812,30.56967650828367
5.088,4,-0.048,0.961,0.281,73.03647520042074,2.88504846878812,30.56967650828367
5.088,5,-0.048,0.961,0.281,73.03647520042074,2.88504846878812,30.56967650828367
5.126,0,-0.053,0.873,-0.531,121.47780133557944,2.9309295669062236,-153.37383942671727
5.126,1,0.219,0.963,0.154,-137.82174789244942,-74.14941496526812,128.34023181904956
5.126,2,-0.219,0.963,0.154,-137.82174789244942,74.14941496526812,-128.34023181904956
5.126,3,-0.048,0.961,0.282,73.03167932951388,2.855868173908459,30.573908502348004
5.126,4,-0.048,0.961,0.282,73.03167932951388,2.855868173908459,30.573908502348004
5.126,5,-0.048,0.961,0.282,73.03167932951388,2.855868173908459,30.573908502348004
5.164,0,-0.052,0.88,-0.533,121.37362077657136,2.97466779538337,-153.46442453342226
5.164,1,0.215,0.966,0.148,-137.8681884998153,-74.16546031675057,128.28702166218764
5.164,2,-0.215,0.966,0.148,-137.8681884998153,74.16546031675057,-128.28702166218764
5.164,3,-0.054,0.964,0.285,73.03167932951388,2.855868173908459,30.573908502348004
5.164,4,-0.054,0.964,0.285,73.03167932951388,2.855868173908459,30.573908502348004
5.164,5,-0.054,0.964,0.285,73.03167932951388,2.855868173908459,30.573908502348004
5.202,0,-0.049,0.881,-0.531,121.37801845411698,2.9226028493419127,-153.37893429152587
5.202,1,0.218,0.975,0.148,-138.13078955996085,-74.23237422520997,128.55993526867263
5.202,2,-0.218,0.975,0.148,-138.13078955996085,74.23237422520997,-128.55993526867263
5.202,3,-0.051,0.966,0.277,73.03647520042074,2.88504846878812,30.56967650828367
5.202,4,-0.051,0.966,0.277,73.03647520042074,2.88504846878812,30.56967650828367
5.202,5,-0.051,0.966,0.277,73.03647520042074,2.88504846878812,30.56967650828367
5.24,0,-0.049,0.88,-0.526,121.17845713287022,2.905922893708536,-153.3890803095104
5.24,1,0.221,0.987,0.145,-138.13078955996085,-74.23237422520997,128.55993526867263
5.24,2,-0.221,0.987,0.145,-138.13078955996085,74.23237422520997,-128.55993526867263
5.24,3,-0.048,0.963,0.276,73.03647520042074,2.88504846878812,30.56967650828367
5.24,4,-0.048,0.963,0.276,73.03647520042074,2.88504846878812,30.56967650828367
5.24,5,-0.048,0.963,0.276,73.03647520042074,2.88504846878812,30.56967650828367
5.279,0,-0.048,0.875,-0.524,121.17845713287022,2.905922893708536,-153.3890803095104
5.279,1,0.222,0.983,0.146,-137.8681884998153,-74.16546031675057,128.28702166218764
5.279,2,-0.222,0.983,0.146,-137.8681884998153,74.16546031675057,-128.28702166218764
5.279,3,-0.047,0.968,0.282,73.03167932951388,2.855868173908459,30.473908502347996
5.279,4,-0.047,0.968,0.282,73.03167932951388,2.855868173908459,30.473908502347996
5.279,5,-0.047,0.968,0.282,73.03167932951388,2.855868173908459,30.473908502347996
5.318,0,-0.051,0.875,-0.523,121.06985357197559,3.0007995221540673,-153.36565838620348
5.318,1,0.213,0.975,0.139,-138.10782291973948,-74.0871936274772,128.61538709755885
5.318,2,-0.213,0.975,0.139,-138.10782291973948,74.0871936274772,-128.61538709755885
5.318,3,-0.047,0.969,0.276,73.12577104171137,2.8107252579725817,30.483005832654673
5.318,4,-0.047,0.969,0.276,73.12577104171137,2.8107252579725817,30.483005832654673
5.318,5,-0.047,0.969,0.276,73.12577104171137,2.8107252579725817,30.483005832654673
5.355,0,-0.063,0.876,-0.523,121.06071815443154,3.1040024878565013,-153.2372177391892
5.355,1,0.213,0.963,0.139,-138.10782291973948,-74.0871936274772,128.61538709755885
5.355,2,-0.213,0.963,0.139,-138.10782291973948,74.0871936274772,-128.61538709755885
5.355,3,-0.048,0.96,0.276,73.12577104171137,2.8107252579725817,30.483005832654673
5.355,4,-0.048,0.96,0.276,73.12577104171137,2.8107252579725817,30.483005832654673
5.355,5,-0.048,0.96,0.276,73.12577104171137,2.8107252579725817,30.483005832654673
5.395,0,-0.067,0.877,-0.521,120.94671567247113,3.249348154012366,-153.200280252942
5.395,1,0.211,0.957,0.14,-138.10782291973948,-74.0871936274772,128.61538709755885
5.395,2,-0.211,0.957,0.14,-138.10782291973948,74.0871936274772,-128.61538709755885
5.395,3,-0.046,0.958,0.277,73.12577104171137,2.8107252579725817,30.483005832654673
5.395,4,-0.046,0.958,0.277,73.12577104171137,2.8107252579725817,30.483005832654673
5.395,5,-0.046,0.958,0.277,73.12577104171137,2.8107252579725817,30.483005832654673
5.432,0,-0.066,0.881,-0.519,120.83712546646409,3.3424666709264073,-153.17792451084188
5.432,1,0.212,0.957,0.139,-138.37003948365592,-74.1537963894706,128.88800696000845
5.432,2,-0.212,0.957,0.139,-138.37003948365592,74.1537963894706,-128.88800696000845
5.432,3,-0.047,0.965,0.278,73.12109720579195,2.781694168196586,30.4871985220805
5.432,4,-0.047,0.965,0.278,73.12109720579195,2.781694168196586,30.4871985220805
5.432,5,-0.047,0.965,0.278,73.12109720579195,2.781694168196586,30.4871985220805
5.471,0,-0.059,0.88,-0.521,120.83712546646409,3.3424666709264073,-153.17792451084188
5.471,1,0.212,0.961,0.133,-138.37003948365592,-74.1537963894706,128.88800696000845
5.471,2,-0.212,0.961,0.133,-138.37003948365592,74.1537963894706,-128.88800696000845
5.471,3,-0.049,0.961,0.278,73.12109720579195,2.781694168196586,30.387198522080507
5.471,4,-0.049,0.961,0.278,73.12109720579195,2.781694168196586,30.387198522080507
5.471,5,-0.049,0.961,0.278,73.12109720579195,2.781694168196586,30.387198522080507
5.509,0,-0.054,0.884,-0.522,120.74239700581096,3.281627494716992,-153.29763566770558
5.509,1,0.212,0.973,0.135,-138.34826380048455,-74.28302191409445,128.88737717341957
5.509,2,-0.212,0.973,0.135,-138.34826380048455,74.28302191409445,-128.88737717341957
5.509,3,-0.046,0.96,0.283,73.01758551254488,2.7682798263398087,30.286633490095202
5.509,4,-0.046,0.96,0.283,73.01758551254488,2.7682798263398087,30.286633490095202
5.509,5,-0.046,0.96,0.283,73.01758551254488,2.7682798263398087,30.286633490095202
5.546,0,-0.054,0.886,-0.522,120.74728646129954,3.230505913811352,-153.31155145761898
5.546,1,0.21,0.976,0.138,-138.56705035110886,-74.33345865431579,129.21613953703425
5.546,2,-0.21,0.976,0.138,-138.56705035110886,74.33345865431579,-129.21613953703425
5.546,3,-0.047,0.967,0.273,73.0129855289294,2.7390681626547013,30.190884658524123
5.546,4,-0.047,0.967,0.273,73.0129855289294,2.7390681626547013,30.190884658524123
5.546,5,-0.047,0.967,0.273,73.0129855289294,2.7390681626547013,30.190884658524123
5.585,0,-0.055,0.882,-0.522,120.65237779207804,3.1700909240851267,-153.33099858662393
5.585,1,0.212,0.98,0.138,-138.27900924631317,-74.39649587878178,128.93875644295196
5.585,2,-0.212,0.98,0.138,-138.27900924631317,74.39649587878178,-128.93875644295196
5.585,3,-0.046,0.964,0.277,73.11189570542071,2.7236087743624555,30.195598006187733
5.585,4,-0.046,0.964,0.277,73.11189570542071,2.7236087743624555,30.195598006187733
5.585,5,-0.046,0.964,0.277,73.11189570542071,2.7236087743624555,30.195598006187733
5.622,0,-0.05,0.877,-0.518,120.66175305538202,3.068111158202392,-153.25869643730223
5.622,1,0.212,0.984,0.143,-138.54743242282575,-74.46287143458319,129.21740546533474
5.622,2,-0.212,0.984,0.143,-138.54743242282575,74.46287143458319,-129.21740546533474
5.622,3,-0.043,0.966,0.277,73.1073680548989,2.694554633441793,30.199804704198286
5.622,4,-0.043,0.966,0.277,73.1073680548989,2.694554633441793,30.199804704198286
5.622,5,-0.043,0.966,0.277,73.1073680548989,2.694554633441793,30.199804704198286
5.661,0,-0.047,0.883,-0.517,120.66632517922464,3.0171108342512296,-153.37255775982277
5.661,1,0.213,0.981,0.146,-138.25704718276876,-74.52590872896761,128.93758891919066
5.661,2,-0.213,0.981,0.146,-138.25704718276876,74.52590872896761,-128.93758891919066
5.661,3,-0.048,0.964,0.276,73.1073680548989,2.694554633441793,30.199804704198286
5.661,4,-0.048,0.964,0.276,73.1073680548989,2.694554633441793,30.199804704198286
5.661,5,-0.048,0.964,0.276,73.1073680548989,2.694554633441793,30.199804704198286
5.7,0,-0.045,0.882,-0.52,120.57106592048102,2.95740724599291,-153.39158141240145
5.7,1,0.212,0.979,0.156,-138.01120874583066,-74.60413928543593,128.60264195412995
5.7,2,-0.212,0.979,0.156,-138.01120874583066,74.60413928543593,-128.60264195412995
5.7,3,-0.045,0.964,0.28,73.10288914664234,2.6654929719531926,30.104015974995317
5.7,4,-0.045,0.964,0.28,73.10288914664234,2.6654929719531926,30.104015974995317
5.7,5,-0.045,0.964,0.28,73.10288914664234,2.6654929719531926,30.104015974995317
5.738,0,-0.052,0.878,-0.52,120.67523845034677,2.9150898839380117,-153.30030451643358
5.738,1,0.209,0.973,0.153,-138.05805797434468,-74.61972545572505,128.5498191991697
5.738,2,-0.209,0.973,0.153,-138.05805797434468,74.61972545572505,-128.5498191991697
5.738,3,-0.041,0.964,0.28,73.09407758392422,2.6073474136090917,30.01245204114296
5.738,4,-0.041,0.964,0.28,73.09407758392422,2.6073474136090917,30.01245204114296
5.738,5,-0.041,0.964,0.28,73.09407758392422,2.6073474136090917,30.01245204114296
5.777,0,-0.055,0.884,-0.515,120.57106592048102,2.95740724599291,-153.39158141240145
5.777,1,0.209,0.973,0.154,-138.10489934624835,-74.63532308100616,128.4969922500497
5.777,2,-0.209,0.973,0.154,-138.10489934624835,74.63532308100616,-128.4969922500497
5.777,3,-0.044,0.964,0.281,73.09407758392422,2.6073474136090917,30.01245204114296
5.777,4,-0.044,0.964,0.281,73.09407758392422,2.6073474136090917,30.01245204114296
5.777,5,-0.044,0.964,0.281,73.09407758392422,2.6073474136090917,30.01245204114296
5.815,0,-0.056,0.89,-0.514,120.46683518928862,2.999409170646626,-153.38302698967928
5.815,1,0.215,0.969,0.159,-138.1517328393381,-74.65093214893137,128.44416108335906
5.815,2,-0.215,0.969,0.159,-138.1517328393381,74.65093214893137,-128.44416108335906
5.815,3,-0.044,0.961,0.273,73.09407758392422,2.6073474136090917,30.01245204114296
5.815,4,-0.044,0.961,0.273,73.09407758392422,2.6073474136090917,30.01245204114296
5.815,5,-0.044,0.961,0.273,73.09407758392422,2.6073474136090917,30.01245204114296
5.852,0,-0.051,0.888,-0.51,120.36709262039327,2.990544715418682,-153.38823838137284
5.852,1,0.212,0.97,0.147,-138.1517328393381,-74.65093214893137,128.44416108335906
5.852,2,-0.212,0.97,0.147,-138.1517328393381,74.65093214893137,-128.44416108335906
5.852,3,-0.045,0.963,0.276,73.08974494276727,2.578263679935766,29.916676739487418
5.852,4,-0.045,0.963,0.276,73.08974494276727,2.578263679935766,29.916676739487418
5.852,5,-0.045,0.963,0.276,73.08974494276727,2.578263679935766,29.916676739487418
5.89,0,-0.05,0.885,-0.508,120.36709262039327,2.990544715418682,-153.38823838137284
5.89,1,0.209,0.969,0.149,-138.1517328393381,-74.65093214893137,128.44416108335906
5.89,2,-0.209,0.969,0.149,-138.1517328393381,74.65093214893137,-128.44416108335906
5.89,3,-0.043,0.962,0.282,73.08974494276727,2.578263679935766,29.916676739487418
5.89,4,-0.043,0.962,0.282,73.08974494276727,2.578263679935766,29.916676739487418
5.89,5,-0.043,0.962,0.282,73.08974494276727,2.578263679935766,29.916676739487418
5.928,0,-0.055,0.886,-0.509,120.36709262039327,2.990544715418682,-153.28823838137285
5.928,1,0.212,0.965,0.145,-138.1517328393381,-74.65093214893137,128.44416108335906
5.928,2,-0.212,0.965,0.145,-138.1517328393381,74.65093214893137,-128.44416108335906
5.928,3,-0.041,0.962,0.28,73.08546107048514,2.5491727520587117,29.920905816607014
5.928,4,-0.041,0.962,0.28,73.08546107048514,2.5491727520587117,29.920905816607014
5.928,5,-0.041,0.962,0.28,73.08546107048514,2.5491727520587117,29.920905816607014
5.966,0,-0.057,0.885,-0.511,120.36254685992732,3.0410951325683757,-153.37464046319508
5.966,1,0.209,0.973,0.146,-138.1517328393381,-74.65093214893137,128.44416108335906
5.966,2,-0.209,0.973,0.146,-138.1517328393381,74.65093214893137,-128.44416108335906
5.966,3,-0.044,0.963,0.277,73.08122597353577,2.5200747115824194,29.92513922389757
5.966,4,-0.044,0.963,0.277,73.08122597353577,2.5200747115824194,29.92513922389757
5.966,5,-0.044,0.963,0.277,73.08122597353577,2.5200747115824194,29.92513922389757
6.005,0,-0.056,0.884,-0.513,120.46228058593236,3.0501097080471307,-153.2693415330652
6.005,1,0.212,0.97,0.143,-137.80835034654527,-74.69737511746587,128.21099963367516
6.005,2,-0.212,0.97,0.143,-137.80835034654527,74.69737511746587,-128.21099963367516
6.005,3,-0.046,0.966,0.282,73.08546107048514,2.5491727520587117,29.920905816607014
6.005,4,-0.046,0.966,0.282,73.08546107048514,2.5491727520587117,29.920905816607014
6.005,5,-0.046,0.966,0.282,73.08546107048514,2.5491727520587117,29.920905816607014
6.043,0,-0.057,0.877,-0.514,120.56201598333278,3.0591150590724188,-153.26402685260396
6.043,1,0.207,0.967,0.149,-137.80835034654527,-74.69737511746587,128.21099963367516
6.043,2,-0.207,0.967,0.149,-137.80835034654527,74.69737511746587,-128.21099963367516
6.043,3,-0.044,0.963,0.282,72.98641463624597,2.5636406655084016,29.916488056098675
6.043,4,-0.044,0.963,0.282,72.98641463624597,2.5636406655084016,29.916488056098675
6.043,5,-0.044,0.963,0.282,72.98641463624597,2.5636406655084016,29.916488056098675
6.082,0,-0.055,0.876,-0.517,120.66175305538202,3.068111158202392,-153.25869643730223
6.082,1,0.211,0.967,0.146,-137.80835034654527,-74.69737511746587,128.21099963367516
6.082,2,-0.211,0.967,0.146,-137.80835034654527,74.69737511746587,-128.21099963367516
6.082,3,-0.042,0.963,0.287,72.98641463624597,2.5636406655084016,30.016488056098666
6.082,4,-0.042,0.963,0.287,72.98641463624597,2.5636406655084016,30.016488056098666
6.082,5,-0.042,0.963,0.287,72.98641463624597,2.5636406655084016,30.016488056098666
6.12,0,-0.053,0.888,-0.524,120.66175305538202,3.068111158202392,-153.25869643730223
6.12,1,0.208,0.967,0.149,-137.80835034654527,-74.69737511746587,128.21099963367516
6.12,2,-0.208,0.967,0.149,-137.80835034654527,74.69737511746587,-128.21099963367516
6.12,3,-0.041,0.962,0.284,72.88308727244502,2.5486722449809824,29.916377771430646
6.12,4,-0.041,0.962,0.284,72.88308727244502,2.5486722449809824,29.916377771430646
6.12,5,-0.041,0.962,0.284,72.88308727244502,2.5486722449809824,29.916377771430646
6.158,0,-0.055,0.885,-0.526,120.76607260653476,3.025947988684705,-153.16729995222255
6.158,1,0.207,0.968,0.15,-137.85467207573413,-74.71291149828286,128.1576535804008
6.158,2,-0.207,0.968,0.15,-137.85467207573413,74.71291149828286,-128.1576535804008
6.158,3,-0.044,0.964,0.282,72.88308727244502,2.5486722449809824,29.916377771430646
6.158,4,-0.044,0.964,0.282,72.88308727244502,2.5486722449809824,29.916377771430646
6.158,5,-0.044,0.964,0.282,72.88308727244502,2.5486722449809824,29.916377771430646
6.196,0,-0.054,0.882,-0.524,120.86582165955349,3.0347759889535664,-153.16202670329486
6.196,1,0.211,0.975,0.153,-138.1271478743446,-74.77983654670783,128.44007894920512
6.196,2,-0.211,0.975,0.153,-138.1271478743446,74.77983654670783,-128.44007894920512
6.196,3,-0.041,0.964,0.283,72.88308727244502,2.5486722449809824,29.916377771430646
6.196,4,-0.041,0.964,0.283,72.88308727244502,2.5486722449809824,29.916377771430646
6.196,5,-0.041,0.964,0.283,72.88308727244502,2.5486722449809824,29.916377771430646
6.234,0,-0.051,0.882,-0.523,120.87033379171335,2.9834696690630063,-153.07607310322817
6.234,1,0.212,0.98,0.147,-137.82760406934258,-74.84180854656661,128.15099931943615
6.234,2,-0.212,0.98,0.147,-137.82760406934258,74.84180854656661,-128.15099931943615
6.234,3,-0.043,0.963,0.282,72.88308727244502,2.5486722449809824,30.016377771430655
6.234,4,-0.043,0.963,0.282,72.88308727244502,2.5486722449809824,30.016377771430655
6.234,5,-0.043,0.963,0.282,72.88308727244502,2.5486722449809824,30.016377771430655
6.272,0,-0.048,0.88,-0.522,120.87476864078744,2.932156647571511,-153.0901275262597
6.272,1,0.209,0.981,0.153,-137.82760406934258,-74.84180854656661,128.15099931943615
6.272,2,-0.209,0.981,0.153,-137.82760406934258,74.84180854656661,-128.15099931943615
6.272,3,-0.044,0.965,0.278,72.98641463624597,2.5636406655084016,30.116488056098678
6.272,4,-0.044,0.965,0.278,72.98641463624597,2.5636406655084016,30.116488056098678
6.272,5,-0.044,0.965,0.278,72.98641463624597,2.5636406655084016,30.116488056098678
6.311,0,-0.051,0.88,-0.52,120.87476864078744,2.932156647571511,-153.0901275262597
6.311,1,0.206,0.978,0.145,-137.78130897735107,-74.82640526695442,128.2043780406824
6.311,2,-0.206,0.978,0.145,-137.78130897735107,74.82640526695442,-128.2043780406824
6.311,3,-0.042,0.964,0.284,72.98215771731726,2.534377261905014,30.02077089586671
6.311,4,-0.042,0.964,0.284,72.98215771731726,2.534377261905014,30.02077089586671
6.311,5,-0.042,0.964,0.284,72.98215771731726,2.534377261905014,30.02077089586671
6.349,0,-0.053,0.876,-0.521,120.87912621461244,2.880837040553437,-152.90418983444704
6.349,1,0.203,0.966,0.154,-137.82760406934258,-74.84180854656661,128.15099931943615
6.349,2,-0.203,0.966,0.154,-137.82760406934258,74.84180854656661,-128.15099931943615
6.349,3,-0.044,0.963,0.283,72.98215771731726,2.534377261905014,30.02077089586671
6.349,4,-0.044,0.963,0.283,72.98215771731726,2.534377261905014,30.02077089586671
6.349,5,-0.044,0.963,0.283,72.98215771731726,2.534377261905014,30.02077089586671
6.386,0,-0.052,0.877,-0.521,120.87912621461244,2.880837040553437,-152.90418983444704
6.386,1,0.204,0.962,0.147,-137.82760406934258,-74.84180854656661,128.15099931943615
6.386,2,-0.204,0.962,0.147,-137.82760406934258,74.84180854656661,-128.15099931943615
6.386,3,-0.045,0.962,0.273,72.99072058404893,2.5928969236309576,30.212209593599507
6.386,4,-0.045,0.962,0.273,72.99072058404893,2.5928969236309576,30.212209593599507
6.386,5,-0.045,0.962,0.273,72.99072058404893,2.5928969236309576,30.212209593599507
6.424,0,-0.049,0.878,-0.517,120.87912621461244,2.880837040553437,-152.90418983444704
6.424,1,0.204,0.967,0.15,-137.82760406934258,-74.84180854656661,128.15099931943615
6.424,2,-0.204,0.967,0.15,-137.82760406934258,74.84180854656661,-128.15099931943615
6.424,3,-0.043,0.963,0.273,73.08974494276727,2.5782636799357666,30.11667673948742
6.424,4,-0.043,0.963,0.273,73.08974494276727,2.5782636799357666,30.11667673948742
6.424,5,-0.043,0.963,0.273,73.08974494276727,2.5782636799357666,30.11667673948742
6.462,0,-0.049,0.879,-0.522,120.88340652089389,2.829510964055567,-152.81825988982743
6.462,1,0.208,0.966,0.144,-138.40205419273894,-74.84640589988152,128.72493328927183
6.462,2,-0.208,0.966,0.144,-138.40205419273894,74.84640589988152,-128.72493328927183
6.462,3,-0.04,0.963,0.286,72.98641463624597,2.5636406655084016,30.116488056098678
6.462,4,-0.04,0.963,0.286,72.98641463624597,2.5636406655084016,30.116488056098678
6.462,5,-0.04,0.963,0.286,72.98641463624597,2.5636406655084016,30.116488056098678
6.501,0,-0.049,0.876,-0.525,120.98740088273446,2.7862504719230157,-152.72749371041462
6.501,1,0.201,0.968,0.14,-138.6316058645237,-74.89726227813527,129.06410804450744
6.501,2,-0.201,0.968,0.14,-138.6316058645237,74.89726227813527,-129.06410804450744
6.501,3,-0.04,0.965,0.278,72.97794983360122,2.505106794813229,30.12505806372629
6.501,4,-0.04,0.965,0.278,72.97794983360122,2.505106794813229,30.12505806372629
6.501,5,-0.04,0.965,0.278,72.97794983360122,2.505106794813229,30.12505806372629
6.539,0,-0.055,0.879,-0.527,121.08297490257287,2.845945020585704,-152.70837975794174
6.539,1,0.205,0.977,0.145,-138.6316058645237,-74.89726227813527,129.06410804450744
6.539,2,-0.205,0.977,0.145,-138.6316058645237,74.89726227813527,-129.06410804450744
6.539,3,-0.042,0.963,0.278,72.97794983360122,2.505106794813229,30.22505806372629
6.539,4,-0.042,0.963,0.278,72.97794983360122,2.505106794813229,30.22505806372629
6.539,5,-0.042,0.963,0.278,72.97794983360122,2.505106794813229,30.22505806372629
6.578,0,-0.051,0.881,-0.526,121.07867868769263,2.897569706488385,-152.79413143291393
6.578,1,0.208,0.988,0.141,-138.9109267063618,-74.96316915457238,129.35337678762485
6.578,2,-0.208,0.988,0.141,-138.9109267063618,74.96316915457238,-129.35337678762485
6.578,3,-0.042,0.969,0.28,72.97794983360122,2.505106794813229,30.22505806372629
6.578,4,-0.042,0.969,0.28,72.97794983360122,2.505106794813229,30.22505806372629
6.578,5,-0.042,0.969,0.28,72.97794983360122,2.505106794813229,30.22505806372629
6.617,0,-0.047,0.877,-0.524,121.08297490257287,2.845945020585704,-152.70837975794174
6.617,1,0.208,0.986,0.144,-138.86261451574936,-74.94789092513655,129.40474763191017
6.617,2,-0.208,0.986,0.144,-138.86261451574936,74.94789092513655,-129.40474763191017
6.617,3,-0.041,0.968,0.281,72.9737909913593,2.475829346230486,30.129349510460642
6.617,4,-0.041,0.968,0.281,72.9737909913593,2.475829346230486,30.129349510460642
6.617,5,-0.041,0.968,0.281,72.9737909913593,2.475829346230486,30.129349510460642
6.655,0,-0.048,0.878,-0.522,120.98319000238796,2.8377322887639305,-152.7133270054651
6.655,1,0.206,0.986,0.151,-138.9109267063618,-74.96316915457238,129.35337678762485
6.655,2,-0.206,0.986,0.151,-138.9109267063618,74.96316915457238,-129.35337678762485
6.655,3,-0.043,0.962,0.276,73.07703965829958,2.4909696401166124,30.129376912715276
6.655,4,-0.043,0.962,0.276,73.07703965829958,2.4909696401166124,30.129376912715276
6.655,5,-0.043,0.962,0.276,73.07703965829958,2.4909696401166124,30.129376912715276
6.693,0,-0.05,0.884,-0.523,120.98319000238796,2.8377322887639305,-152.61332700546507
6.693,1,0.202,0.98,0.139,-138.86261451574936,-74.94789092513655,129.40474763191017
6.693,2,-0.202,0.98,0.139,-138.86261451574936,74.94789092513655,-129.40474763191017
6.693,3,-0.041,0.964,0.282,72.97794983360122,2.505106794813229,30.22505806372629
6.693,4,-0.041,0.964,0.282,72.97794983360122,2.505106794813229,30.22505806372629
6.693,5,-0.041,0.964,0.282,72.97794983360122,2.505106794813229,30.22505806372629
6.73,0,-0.056,0.877,-0.525,121.07867868769263,2.897569706488385,-152.69413143291393
6.73,1,0.203,0.964,0.153,-138.6316058645237,-74.89726227813527,129.06410804450744
6.73,2,-0.203,0.964,0.153,-138.6316058645237,74.89726227813527,-129.06410804450744
6.73,3,-0.042,0.965,0.279,72.9737909913593,2.475829346230486,30.129349510460642
6.73,4,-0.042,0.965,0.279,72.9737909913593,2.475829346230486,30.129349510460642
6.73,5,-0.042,0.965,0.279,72.9737909913593,2.475829346230486,30.129349510460642
